-- MySQL dump 10.13  Distrib 8.0.22, for Win64 (x86_64)
--
-- Host: localhost    Database: smartroster
-- ------------------------------------------------------
-- Server version	8.0.22

/*!40101 SET @OLD_CHARACTER_SET_CLIENT=@@CHARACTER_SET_CLIENT */;
/*!40101 SET @OLD_CHARACTER_SET_RESULTS=@@CHARACTER_SET_RESULTS */;
/*!40101 SET @OLD_COLLATION_CONNECTION=@@COLLATION_CONNECTION */;
/*!50503 SET NAMES utf8 */;
/*!40103 SET @OLD_TIME_ZONE=@@TIME_ZONE */;
/*!40103 SET TIME_ZONE='+00:00' */;
/*!40014 SET @OLD_UNIQUE_CHECKS=@@UNIQUE_CHECKS, UNIQUE_CHECKS=0 */;
/*!40014 SET @OLD_FOREIGN_KEY_CHECKS=@@FOREIGN_KEY_CHECKS, FOREIGN_KEY_CHECKS=0 */;
/*!40101 SET @OLD_SQL_MODE=@@SQL_MODE, SQL_MODE='NO_AUTO_VALUE_ON_ZERO' */;
/*!40111 SET @OLD_SQL_NOTES=@@SQL_NOTES, SQL_NOTES=0 */;

--
-- Table structure for table `adv_role_assignments`
--

DROP TABLE IF EXISTS `adv_role_assignments`;
/*!40101 SET @saved_cs_client     = @@character_set_client */;
/*!50503 SET character_set_client = utf8mb4 */;
CREATE TABLE `adv_role_assignments` (
  `assignment_id` int NOT NULL AUTO_INCREMENT,
  `assignment_shift` varchar(45) COLLATE utf8mb4_general_ci NOT NULL,
  `adv_role` varchar(20) COLLATE utf8mb4_general_ci NOT NULL,
  `nurse_ids` varchar(20) COLLATE utf8mb4_general_ci NOT NULL,
  PRIMARY KEY (`assignment_id`)
) ENGINE=InnoDB AUTO_INCREMENT=439 DEFAULT CHARSET=utf8mb4 COLLATE=utf8mb4_general_ci;
/*!40101 SET character_set_client = @saved_cs_client */;

--
-- Dumping data for table `adv_role_assignments`
--

LOCK TABLES `adv_role_assignments` WRITE;
/*!40000 ALTER TABLE `adv_role_assignments` DISABLE KEYS */;
INSERT INTO `adv_role_assignments` VALUES (7,'March 31, 2021 - 02:12:00 PM','charge','[\'2\', \'15\', \'16\']'),(8,'March 31, 2021 - 02:12:00 PM','support','[\'8\', \'18\', \'20\']'),(9,'March 31, 2021 - 02:12:00 PM','code','[\'39\']'),(10,'March 31, 2021 - 02:12:00 PM','l_charge','[\'37\']'),(11,'March 31, 2021 - 02:12:00 PM','l_support','[\'36\']'),(12,'March 31, 2021 - 02:12:00 PM','l_code','[\'5\']'),(13,'March 31, 2021 - 04:35:00 PM','charge','[\'2\', \'15\', \'16\']'),(14,'March 31, 2021 - 04:35:00 PM','support','[\'8\', \'18\', \'20\']'),(15,'March 31, 2021 - 04:35:00 PM','code','[\'39\']'),(16,'March 31, 2021 - 04:35:00 PM','l_charge','[\'37\']'),(17,'March 31, 2021 - 04:35:00 PM','l_support','[\'36\']'),(18,'March 31, 2021 - 04:35:00 PM','l_code','[\'5\']'),(19,'March 31, 2021 - 04:43:00 PM','charge','[\'2\', \'15\', \'16\']'),(20,'March 31, 2021 - 04:43:00 PM','support','[\'8\', \'18\', \'20\']'),(21,'March 31, 2021 - 04:43:00 PM','code','[\'39\']'),(22,'March 31, 2021 - 04:43:00 PM','l_charge','[\'37\']'),(23,'March 31, 2021 - 04:43:00 PM','l_support','[\'36\']'),(24,'March 31, 2021 - 04:43:00 PM','l_code','[\'5\']'),(25,'March 31, 2021 - 05:10:00 PM','charge','[\'2\', \'15\', \'16\']'),(26,'March 31, 2021 - 05:10:00 PM','support','[\'8\', \'18\', \'20\']'),(27,'March 31, 2021 - 05:10:00 PM','code','[\'39\']'),(28,'March 31, 2021 - 05:10:00 PM','l_charge','[\'37\']'),(29,'March 31, 2021 - 05:10:00 PM','l_support','[\'36\']'),(30,'March 31, 2021 - 05:10:00 PM','l_code','[\'5\']'),(31,'March 31, 2021 - 05:21:00 PM','charge','[\'2\', \'15\', \'16\']'),(32,'March 31, 2021 - 05:21:00 PM','support','[\'8\', \'18\', \'20\']'),(33,'March 31, 2021 - 05:21:00 PM','code','[\'39\']'),(34,'March 31, 2021 - 05:21:00 PM','l_charge','[\'37\']'),(35,'March 31, 2021 - 05:21:00 PM','l_support','[\'36\']'),(36,'March 31, 2021 - 05:21:00 PM','l_code','[\'5\']'),(37,'March 31, 2021 - 05:46:00 PM','charge','[\'2\', \'15\', \'16\']'),(38,'March 31, 2021 - 05:46:00 PM','support','[\'8\', \'18\', \'20\']'),(39,'March 31, 2021 - 05:46:00 PM','code','[\'39\']'),(40,'March 31, 2021 - 05:46:00 PM','l_charge','[\'37\']'),(41,'March 31, 2021 - 05:46:00 PM','l_support','[\'36\']'),(42,'March 31, 2021 - 05:46:00 PM','l_code','[\'5\']'),(43,'March 31, 2021 - 05:49:00 PM','charge','[\'2\', \'15\', \'16\']'),(44,'March 31, 2021 - 05:49:00 PM','support','[\'8\', \'18\', \'20\']'),(45,'March 31, 2021 - 05:49:00 PM','code','[\'39\']'),(46,'March 31, 2021 - 05:49:00 PM','l_charge','[\'37\']'),(47,'March 31, 2021 - 05:49:00 PM','l_support','[\'36\']'),(48,'March 31, 2021 - 05:49:00 PM','l_code','[\'5\']'),(49,'March 31, 2021 - 06:13:00 PM','charge','[\'2\', \'15\', \'16\']'),(50,'March 31, 2021 - 06:13:00 PM','support','[\'8\', \'18\', \'20\']'),(51,'March 31, 2021 - 06:13:00 PM','code','[\'39\']'),(52,'March 31, 2021 - 06:13:00 PM','l_charge','[\'37\']'),(53,'March 31, 2021 - 06:13:00 PM','l_support','[\'36\']'),(54,'March 31, 2021 - 06:13:00 PM','l_code','[\'5\']'),(55,'March 31, 2021 - 06:14:00 PM','charge','[\'2\', \'15\', \'16\']'),(56,'March 31, 2021 - 06:14:00 PM','support','[\'8\', \'18\', \'20\']'),(57,'March 31, 2021 - 06:14:00 PM','code','[\'39\']'),(58,'March 31, 2021 - 06:14:00 PM','l_charge','[\'37\']'),(59,'March 31, 2021 - 06:14:00 PM','l_support','[\'36\']'),(60,'March 31, 2021 - 06:14:00 PM','l_code','[\'5\']'),(61,'March 31, 2021 - 06:28:00 PM','charge','[\'2\', \'15\', \'16\']'),(62,'March 31, 2021 - 06:28:00 PM','support','[\'8\', \'18\', \'20\']'),(63,'March 31, 2021 - 06:28:00 PM','code','[\'39\']'),(64,'March 31, 2021 - 06:28:00 PM','l_charge','[\'37\']'),(65,'March 31, 2021 - 06:28:00 PM','l_support','[\'36\']'),(66,'March 31, 2021 - 06:28:00 PM','l_code','[\'5\']'),(67,'March 31, 2021 - 06:30:00 PM','charge','[\'2\', \'15\', \'16\']'),(68,'March 31, 2021 - 06:30:00 PM','support','[\'8\', \'18\', \'20\']'),(69,'March 31, 2021 - 06:30:00 PM','code','[\'39\']'),(70,'March 31, 2021 - 06:30:00 PM','l_charge','[\'37\']'),(71,'March 31, 2021 - 06:30:00 PM','l_support','[\'36\']'),(72,'March 31, 2021 - 06:30:00 PM','l_code','[\'5\']'),(73,'March 31, 2021 - 06:44:00 PM','charge','[\'2\', \'15\', \'16\']'),(74,'March 31, 2021 - 06:44:00 PM','support','[\'8\', \'18\', \'20\']'),(75,'March 31, 2021 - 06:44:00 PM','code','[\'39\']'),(76,'March 31, 2021 - 06:44:00 PM','l_charge','[\'37\']'),(77,'March 31, 2021 - 06:44:00 PM','l_support','[\'36\']'),(78,'March 31, 2021 - 06:44:00 PM','l_code','[\'5\']'),(79,'March 31, 2021 - 06:52:00 PM','charge','[\'2\', \'15\', \'16\']'),(80,'March 31, 2021 - 06:52:00 PM','support','[\'8\', \'18\', \'20\']'),(81,'March 31, 2021 - 06:52:00 PM','code','[\'39\']'),(82,'March 31, 2021 - 06:52:00 PM','l_charge','[\'37\']'),(83,'March 31, 2021 - 06:52:00 PM','l_support','[\'36\']'),(84,'March 31, 2021 - 06:52:00 PM','l_code','[\'5\']'),(91,'March 31, 2021 - 07:24:00 PM','charge','[\'2\', \'15\', \'16\']'),(92,'March 31, 2021 - 07:24:00 PM','support','[\'8\', \'18\', \'20\']'),(93,'March 31, 2021 - 07:24:00 PM','code','[\'39\']'),(94,'March 31, 2021 - 07:24:00 PM','l_charge','[\'37\']'),(95,'March 31, 2021 - 07:24:00 PM','l_support','[\'36\']'),(96,'March 31, 2021 - 07:24:00 PM','l_code','[\'5\']'),(97,'March 31, 2021 - 07:26:00 PM','charge','[\'2\', \'15\', \'16\']'),(98,'March 31, 2021 - 07:26:00 PM','support','[\'8\', \'18\', \'20\']'),(99,'March 31, 2021 - 07:26:00 PM','code','[\'39\']'),(100,'March 31, 2021 - 07:26:00 PM','l_charge','[\'37\']'),(101,'March 31, 2021 - 07:26:00 PM','l_support','[\'36\']'),(102,'March 31, 2021 - 07:26:00 PM','l_code','[\'5\']'),(103,'March 31, 2021 - 07:28:00 PM','charge','[\'2\', \'15\', \'16\']'),(104,'March 31, 2021 - 07:28:00 PM','support','[\'8\', \'18\', \'20\']'),(105,'March 31, 2021 - 07:28:00 PM','code','[\'39\']'),(106,'March 31, 2021 - 07:28:00 PM','l_charge','[\'37\']'),(107,'March 31, 2021 - 07:28:00 PM','l_support','[\'36\']'),(108,'March 31, 2021 - 07:28:00 PM','l_code','[\'5\']'),(109,'March 31, 2021 - 07:29:00 PM','charge','[\'2\', \'15\', \'16\']'),(110,'March 31, 2021 - 07:29:00 PM','support','[\'8\', \'18\', \'20\']'),(111,'March 31, 2021 - 07:29:00 PM','code','[\'39\']'),(112,'March 31, 2021 - 07:29:00 PM','l_charge','[\'37\']'),(113,'March 31, 2021 - 07:29:00 PM','l_support','[\'36\']'),(114,'March 31, 2021 - 07:29:00 PM','l_code','[\'5\']'),(115,'March 31, 2021 - 07:30:00 PM','charge','[\'2\', \'15\', \'16\']'),(116,'March 31, 2021 - 07:30:00 PM','support','[\'8\', \'18\', \'20\']'),(117,'March 31, 2021 - 07:30:00 PM','code','[\'39\']'),(118,'March 31, 2021 - 07:30:00 PM','l_charge','[\'37\']'),(119,'March 31, 2021 - 07:30:00 PM','l_support','[\'36\']'),(120,'March 31, 2021 - 07:30:00 PM','l_code','[\'5\']'),(121,'March 31, 2021 - 07:31:00 PM','charge','[\'2\', \'15\', \'16\']'),(122,'March 31, 2021 - 07:31:00 PM','support','[\'8\', \'18\', \'20\']'),(123,'March 31, 2021 - 07:31:00 PM','code','[\'39\']'),(124,'March 31, 2021 - 07:31:00 PM','l_charge','[\'37\']'),(125,'March 31, 2021 - 07:31:00 PM','l_support','[\'36\']'),(126,'March 31, 2021 - 07:31:00 PM','l_code','[\'5\']'),(127,'March 31, 2021 - 07:33:00 PM','charge','[\'2\', \'15\', \'16\']'),(128,'March 31, 2021 - 07:33:00 PM','support','[\'8\', \'18\', \'20\']'),(129,'March 31, 2021 - 07:33:00 PM','code','[\'39\']'),(130,'March 31, 2021 - 07:33:00 PM','l_charge','[\'37\']'),(131,'March 31, 2021 - 07:33:00 PM','l_support','[\'36\']'),(132,'March 31, 2021 - 07:33:00 PM','l_code','[\'5\']'),(133,'March 31, 2021 - 07:35:00 PM','charge','[\'2\', \'15\', \'16\']'),(134,'March 31, 2021 - 07:35:00 PM','support','[\'8\', \'18\', \'20\']'),(135,'March 31, 2021 - 07:35:00 PM','code','[\'39\']'),(136,'March 31, 2021 - 07:35:00 PM','l_charge','[\'37\']'),(137,'March 31, 2021 - 07:35:00 PM','l_support','[\'36\']'),(138,'March 31, 2021 - 07:35:00 PM','l_code','[\'5\']'),(145,'March 31, 2021 - 07:36:00 PM','charge','[\'2\', \'15\', \'16\']'),(146,'March 31, 2021 - 07:36:00 PM','support','[\'18\', \'20\', \'33\']'),(147,'March 31, 2021 - 07:36:00 PM','code','[\'39\']'),(148,'March 31, 2021 - 07:36:00 PM','l_charge','[\'37\']'),(149,'March 31, 2021 - 07:36:00 PM','l_support','[\'60\']'),(150,'March 31, 2021 - 07:36:00 PM','l_code','[]'),(163,'March 31, 2021 - 07:42:00 PM','charge','[\'2\', \'15\', \'16\']'),(164,'March 31, 2021 - 07:42:00 PM','support','[\'18\', \'20\', \'33\']'),(165,'March 31, 2021 - 07:42:00 PM','code','[\'39\']'),(166,'March 31, 2021 - 07:42:00 PM','l_charge','[\'37\']'),(167,'March 31, 2021 - 07:42:00 PM','l_support','[\'60\']'),(168,'March 31, 2021 - 07:42:00 PM','l_code','[]'),(175,'March 31, 2021 - 07:50:00 PM','charge','[\'2\', \'15\', \'16\']'),(176,'March 31, 2021 - 07:50:00 PM','support','[\'18\', \'20\', \'33\']'),(177,'March 31, 2021 - 07:50:00 PM','code','[\'39\']'),(178,'March 31, 2021 - 07:50:00 PM','l_charge','[\'37\']'),(179,'March 31, 2021 - 07:50:00 PM','l_support','[\'60\']'),(180,'March 31, 2021 - 07:50:00 PM','l_code','[]'),(181,'March 31, 2021 - 08:51:00 PM','charge','[\'2\', \'15\', \'16\']'),(182,'March 31, 2021 - 08:51:00 PM','support','[\'18\', \'20\', \'33\']'),(183,'March 31, 2021 - 08:51:00 PM','code','[\'39\']'),(184,'March 31, 2021 - 08:51:00 PM','l_charge','[\'37\']'),(185,'March 31, 2021 - 08:51:00 PM','l_support','[\'60\']'),(186,'March 31, 2021 - 08:51:00 PM','l_code','[]'),(193,'March 31, 2021 - 08:55:00 PM','charge','[\'2\', \'15\', \'16\']'),(194,'March 31, 2021 - 08:55:00 PM','support','[\'18\', \'20\', \'33\']'),(195,'March 31, 2021 - 08:55:00 PM','code','[\'39\']'),(196,'March 31, 2021 - 08:55:00 PM','l_charge','[\'37\']'),(197,'March 31, 2021 - 08:55:00 PM','l_support','[\'60\']'),(198,'March 31, 2021 - 08:55:00 PM','l_code','[]'),(205,'March 31, 2021 - 08:57:00 PM','charge','[\'2\', \'15\', \'16\']'),(206,'March 31, 2021 - 08:57:00 PM','support','[\'18\', \'20\', \'33\']'),(207,'March 31, 2021 - 08:57:00 PM','code','[\'39\']'),(208,'March 31, 2021 - 08:57:00 PM','l_charge','[\'37\']'),(209,'March 31, 2021 - 08:57:00 PM','l_support','[\'60\']'),(210,'March 31, 2021 - 08:57:00 PM','l_code','[]'),(217,'March 31, 2021 - 09:04:00 PM','charge','[\'2\', \'15\', \'16\']'),(218,'March 31, 2021 - 09:04:00 PM','support','[\'18\', \'20\', \'33\']'),(219,'March 31, 2021 - 09:04:00 PM','code','[\'39\']'),(220,'March 31, 2021 - 09:04:00 PM','l_charge','[\'37\']'),(221,'March 31, 2021 - 09:04:00 PM','l_support','[\'60\']'),(222,'March 31, 2021 - 09:04:00 PM','l_code','[]'),(229,'March 31, 2021 - 09:11:00 PM','charge','[\'2\', \'15\', \'16\']'),(230,'March 31, 2021 - 09:11:00 PM','support','[\'18\', \'20\', \'33\']'),(231,'March 31, 2021 - 09:11:00 PM','code','[\'39\']'),(232,'March 31, 2021 - 09:11:00 PM','l_charge','[\'37\']'),(233,'March 31, 2021 - 09:11:00 PM','l_support','[\'60\']'),(234,'March 31, 2021 - 09:11:00 PM','l_code','[]'),(247,'March 31, 2021 - 09:12:00 PM','charge','[\'2\', \'15\', \'16\']'),(248,'March 31, 2021 - 09:12:00 PM','support','[\'18\', \'20\', \'33\']'),(249,'March 31, 2021 - 09:12:00 PM','code','[\'39\']'),(250,'March 31, 2021 - 09:12:00 PM','l_charge','[\'37\']'),(251,'March 31, 2021 - 09:12:00 PM','l_support','[\'60\']'),(252,'March 31, 2021 - 09:12:00 PM','l_code','[]'),(253,'March 31, 2021 - 09:19:00 PM','charge','[\'2\', \'15\', \'16\']'),(254,'March 31, 2021 - 09:19:00 PM','support','[\'18\', \'20\', \'33\']'),(255,'March 31, 2021 - 09:19:00 PM','code','[\'39\']'),(256,'March 31, 2021 - 09:19:00 PM','l_charge','[\'37\']'),(257,'March 31, 2021 - 09:19:00 PM','l_support','[\'60\']'),(258,'March 31, 2021 - 09:19:00 PM','l_code','[]'),(271,'March 31, 2021 - 09:21:00 PM','charge','[\'2\', \'15\', \'16\']'),(272,'March 31, 2021 - 09:21:00 PM','support','[\'18\', \'20\', \'33\']'),(273,'March 31, 2021 - 09:21:00 PM','code','[\'39\']'),(274,'March 31, 2021 - 09:21:00 PM','l_charge','[\'37\']'),(275,'March 31, 2021 - 09:21:00 PM','l_support','[\'60\']'),(276,'March 31, 2021 - 09:21:00 PM','l_code','[]'),(283,'March 31, 2021 - 09:24:00 PM','charge','[\'2\', \'15\', \'16\']'),(284,'March 31, 2021 - 09:24:00 PM','support','[\'18\', \'20\', \'33\']'),(285,'March 31, 2021 - 09:24:00 PM','code','[\'39\']'),(286,'March 31, 2021 - 09:24:00 PM','l_charge','[\'37\']'),(287,'March 31, 2021 - 09:24:00 PM','l_support','[\'60\']'),(288,'March 31, 2021 - 09:24:00 PM','l_code','[]'),(301,'March 31, 2021 - 09:42:00 PM','charge','[\'2\', \'15\', \'16\']'),(302,'March 31, 2021 - 09:42:00 PM','support','[\'18\', \'20\', \'33\']'),(303,'March 31, 2021 - 09:42:00 PM','code','[\'39\']'),(304,'March 31, 2021 - 09:42:00 PM','l_charge','[\'37\']'),(305,'March 31, 2021 - 09:42:00 PM','l_support','[\'60\']'),(306,'March 31, 2021 - 09:42:00 PM','l_code','[]'),(313,'March 31, 2021 - 09:44:00 PM','charge','[\'2\', \'15\', \'16\']'),(314,'March 31, 2021 - 09:44:00 PM','support','[\'18\', \'20\', \'33\']'),(315,'March 31, 2021 - 09:44:00 PM','code','[\'39\']'),(316,'March 31, 2021 - 09:44:00 PM','l_charge','[\'37\']'),(317,'March 31, 2021 - 09:44:00 PM','l_support','[\'60\']'),(318,'March 31, 2021 - 09:44:00 PM','l_code','[]'),(343,'March 31, 2021 - 09:46:00 PM','charge','[\'2\', \'15\', \'16\']'),(344,'March 31, 2021 - 09:46:00 PM','support','[\'18\', \'20\', \'33\']'),(345,'March 31, 2021 - 09:46:00 PM','code','[\'39\']'),(346,'March 31, 2021 - 09:46:00 PM','l_charge','[\'37\']'),(347,'March 31, 2021 - 09:46:00 PM','l_support','[\'60\']'),(348,'March 31, 2021 - 09:46:00 PM','l_code','[]'),(349,'April 01, 2021 - 03:27:00 PM','charge','[\'2\', \'15\', \'16\']'),(350,'April 01, 2021 - 03:27:00 PM','support','[\'18\', \'20\', \'33\']'),(351,'April 01, 2021 - 03:27:00 PM','code','[\'39\']'),(352,'April 01, 2021 - 03:27:00 PM','l_charge','[\'37\']'),(353,'April 01, 2021 - 03:27:00 PM','l_support','[\'60\']'),(354,'April 01, 2021 - 03:27:00 PM','l_code','[]'),(367,'April 01, 2021 - 03:29:00 PM','charge','[\'2\', \'15\', \'16\']'),(368,'April 01, 2021 - 03:29:00 PM','support','[\'18\', \'20\', \'33\']'),(369,'April 01, 2021 - 03:29:00 PM','code','[\'39\']'),(370,'April 01, 2021 - 03:29:00 PM','l_charge','[\'37\']'),(371,'April 01, 2021 - 03:29:00 PM','l_support','[\'60\']'),(372,'April 01, 2021 - 03:29:00 PM','l_code','[]'),(385,'April 06, 2021 - 02:07:00 PM','charge','[\'2\', \'15\', \'16\']'),(386,'April 06, 2021 - 02:07:00 PM','support','[\'18\', \'20\', \'33\']'),(387,'April 06, 2021 - 02:07:00 PM','code','[\'39\']'),(388,'April 06, 2021 - 02:07:00 PM','l_charge','[\'37\']'),(389,'April 06, 2021 - 02:07:00 PM','l_support','[\'60\']'),(390,'April 06, 2021 - 02:07:00 PM','l_code','[]'),(397,'April 06, 2021 - 02:50:00 PM','charge','[\'2\', \'15\', \'16\']'),(398,'April 06, 2021 - 02:50:00 PM','support','[\'18\', \'20\', \'33\']'),(399,'April 06, 2021 - 02:50:00 PM','code','[\'39\']'),(400,'April 06, 2021 - 02:50:00 PM','l_charge','[\'37\']'),(401,'April 06, 2021 - 02:50:00 PM','l_support','[\'60\']'),(402,'April 06, 2021 - 02:50:00 PM','l_code','[]'),(409,'April 06, 2021 - 02:55:00 PM','charge','[\'2\', \'15\', \'16\']'),(410,'April 06, 2021 - 02:55:00 PM','support','[\'18\', \'20\', \'33\']'),(411,'April 06, 2021 - 02:55:00 PM','code','[\'39\']'),(412,'April 06, 2021 - 02:55:00 PM','l_charge','[\'37\']'),(413,'April 06, 2021 - 02:55:00 PM','l_support','[\'60\']'),(414,'April 06, 2021 - 02:55:00 PM','l_code','[]'),(415,'April 06, 2021 - 03:13:00 PM','charge','[\'2\', \'15\', \'16\']'),(416,'April 06, 2021 - 03:13:00 PM','support','[\'18\', \'20\', \'33\']'),(417,'April 06, 2021 - 03:13:00 PM','code','[\'39\']'),(418,'April 06, 2021 - 03:13:00 PM','l_charge','[\'37\']'),(419,'April 06, 2021 - 03:13:00 PM','l_support','[\'60\']'),(420,'April 06, 2021 - 03:13:00 PM','l_code','[]'),(421,'April 07, 2021 - 04:39:00 PM','charge','[\'2\', \'15\', \'16\']'),(422,'April 07, 2021 - 04:39:00 PM','support','[\'18\', \'20\', \'33\']'),(423,'April 07, 2021 - 04:39:00 PM','code','[\'39\']'),(424,'April 07, 2021 - 04:39:00 PM','l_charge','[\'37\']'),(425,'April 07, 2021 - 04:39:00 PM','l_support','[\'60\']'),(426,'April 07, 2021 - 04:39:00 PM','l_code','[]'),(427,'April 07, 2021 - 04:40:00 PM','charge','[\'2\', \'15\', \'16\']'),(428,'April 07, 2021 - 04:40:00 PM','support','[\'18\', \'20\', \'33\']'),(429,'April 07, 2021 - 04:40:00 PM','code','[\'39\']'),(430,'April 07, 2021 - 04:40:00 PM','l_charge','[\'37\']'),(431,'April 07, 2021 - 04:40:00 PM','l_support','[\'60\']'),(432,'April 07, 2021 - 04:40:00 PM','l_code','[]'),(433,'April 07, 2021 - 04:41:00 PM','charge','[\'2\', \'15\', \'16\']'),(434,'April 07, 2021 - 04:41:00 PM','support','[\'18\', \'20\', \'33\']'),(435,'April 07, 2021 - 04:41:00 PM','code','[\'39\']'),(436,'April 07, 2021 - 04:41:00 PM','l_charge','[\'37\']'),(437,'April 07, 2021 - 04:41:00 PM','l_support','[\'60\']'),(438,'April 07, 2021 - 04:41:00 PM','l_code','[]');
/*!40000 ALTER TABLE `adv_role_assignments` ENABLE KEYS */;
UNLOCK TABLES;

--
-- Table structure for table `nurses`
--

DROP TABLE IF EXISTS `nurses`;
/*!40101 SET @saved_cs_client     = @@character_set_client */;
/*!50503 SET character_set_client = utf8mb4 */;
CREATE TABLE `nurses` (
  `id` int NOT NULL AUTO_INCREMENT,
  `name` varchar(250) DEFAULT '',
  `clinical_area` varchar(250) DEFAULT NULL,
  `bed_num` int DEFAULT NULL,
  `rotation` varchar(250) DEFAULT NULL,
  `group_num` int DEFAULT NULL,
  `fte` decimal(3,2) DEFAULT NULL,
  `skill_level` int DEFAULT NULL,
  `a_trained` tinyint(1) DEFAULT NULL,
  `transfer` tinyint(1) DEFAULT NULL,
  `iv` int DEFAULT NULL,
  `advanced_role` varchar(250) DEFAULT NULL,
  `previous_patients` varchar(250) DEFAULT NULL,
  `dta` varchar(250) DEFAULT '',
  `comments` varchar(250) DEFAULT '',
  `priority` int DEFAULT NULL,
  `current_shift` tinyint(1) DEFAULT NULL,
  PRIMARY KEY (`id`)
) ENGINE=InnoDB AUTO_INCREMENT=121 DEFAULT CHARSET=utf8mb4 COLLATE=utf8mb4_0900_ai_ci;
/*!40101 SET character_set_client = @saved_cs_client */;

--
-- Dumping data for table `nurses`
--

LOCK TABLES `nurses` WRITE;
/*!40000 ALTER TABLE `nurses` DISABLE KEYS */;
INSERT INTO `nurses` VALUES (1,'Rebecca Smith','B',1,'A01',1,0.50,5,0,0,3,'','[27]','','',2,1),(2,'Holly Baker','D',3,'3',1,1.00,5,1,1,2,'Charge','[1, 2, 21]','1','1',2,1),(4,'Paige Lee','C',6,'AB02',1,1.00,4,1,0,1,'','[]','','Can\'t work next week',2,1),(5,'Hannah Moore','F',4,'A03',1,1.00,5,1,1,1,'L Code','[1, 2, 6]','','',2,0),(6,'Lily Marshall','D',7,'A02',1,1.00,5,1,0,1,'','[6]','Weight Limit: 25kg','',2,0),(7,'Emilia Carter','C',5,'AB05',1,1.00,2,0,0,1,'','[]','','',2,0),(8,'Maya Perry','C',2,'A06',1,1.00,5,1,0,1,'Support','[17]','','Can\'t work next week',2,0),(9,'Kelly Campbell','E',5,'B01',1,1.00,4,0,0,1,'','[]','Weight Limit: 25kg','',2,0),(10,'Kate Reyes','F',8,'B04',1,1.00,4,1,0,1,'','[]','','',2,0),(11,'Elise Diaz','E',6,'AB05',1,1.00,2,0,0,1,'','[21]','','',2,0),(12,'Erica Jackson','D',10,'B05',1,1.00,5,1,0,2,'Code','[]','Weight Limit: 25kg','Can\'t work next week',2,0),(13,'Freya Read','F',9,'A02',1,1.00,4,1,0,1,'','[]','','',2,1),(14,'Anne Jeffery','E',14,'A03',1,1.00,4,1,0,1,'','[]','','',2,1),(15,'Ayla Terry','E',1,'B03',1,1.00,5,1,1,2,'Charge','[]','Weight Limit: 25kg','',2,1),(16,'Ralph Erickson','C',4,'A05',1,1.00,5,1,1,2,'Charge','[27]','','Can\'t work next week',2,1),(17,'Frederick Graves','C',3,'A05',1,1.00,4,0,0,1,'','[]','','',2,1),(18,'Fraser Rogers','E',6,'B02',1,1.00,5,1,0,1,'Support','[]','Weight Limit: 25kg','',2,1),(19,'Troy Shaw','C',7,'A04',1,1.00,4,0,1,1,'','[]','','',2,1),(20,'Frederick Stewart','E',10,'B04',1,1.00,5,0,0,2,'Support','[]','','Can\'t work next week',2,1),(21,'Wayne Alexander','C',11,'B04',2,1.00,4,1,0,1,'','[]','Weight Limit: 25kg','',0,1),(22,'Herman Lopez','D',1,'B03',2,1.00,5,1,1,1,'','[]','','',0,1),(23,'Douglas Ryan','F',3,'M01',2,1.00,3,1,0,1,'','[24]','','',0,1),(24,'Liberty Bowers','E',6,'B01',2,1.00,5,1,0,2,'Charge','[]','Weight Limit: 25kg','Can\'t work next week',0,1),(25,'Tony Bowen','D',2,'A02',2,1.00,4,1,0,1,'','[]','','',0,1),(26,'Mason Martin','D',8,'AB05',2,1.00,3,0,0,1,'','[]','','',0,1),(27,'Hector Morris ','E',7,'B4+5',2,1.00,4,1,0,1,'','[]','Weight Limit: 25kg','',0,1),(28,'Robert Hopkins','E',5,'B02',2,1.00,5,1,0,1,'Code','[]','','Can\'t work next week',0,1),(29,'Adam Bauer','F',10,'A05',2,1.00,5,1,0,2,'Charge','[4]','','',0,1),(30,'Zack Arnold','F',12,'B03',2,1.00,5,1,0,2,'Charge','[]','Weight Limit: 25kg','',0,1),(31,'Kira Bishop','E',13,'A04',2,1.00,4,0,0,1,'','[]','','',0,1),(32,'Kane Matthews','D',2,'B04',2,1.00,5,0,1,1,'','[]','','Can\'t work next week',0,1),(33,'Faith Harrison','E',5,'B1+2',2,1.00,5,1,0,1,'Support','[]','Weight Limit: 25kg','',0,1),(34,'Jacob Griffin','C',3,'B06',2,1.00,4,1,0,1,'','[]','','',0,1),(35,'Alfie Paul','D',1,'A03',2,1.00,5,1,1,1,'Support','[]','','',0,1),(36,'Seth Lewis','D',6,'AB05',2,1.00,4,0,0,1,'L Support','[]','Weight Limit: 25kg','Can\'t work next week',0,1),(37,'Shawn Harmon','F',7,'AB06',2,1.00,1,0,0,1,'L Charge','[]','','',0,1),(38,'Daniel Robinson','C',1,'B05',2,1.00,5,1,0,1,'Support','[]','','',0,1),(39,'Gerald Harrison','D',9,'A04',2,1.00,4,1,0,1,'Code','[]','Weight Limit: 25kg','',0,1),(40,'Jack Benson','C',11,'B03',2,1.00,4,0,1,1,'','[]','','Can\'t work next week',0,1),(41,'Ben Oliver','D',13,'B04',3,1.00,5,1,0,1,'Charge','[]','','',0,1),(42,'Sommer Haynes','C',2,'B03',3,1.00,5,1,0,1,'Charge','[]','Weight Limit: 25kg','',0,1),(43,'Adam Griffith','C',5,'B06',3,1.00,5,1,0,2,'','[]','','',0,1),(44,'Kathryn Myers','D',4,'A05',3,1.00,4,1,0,1,'','[]','','Can\'t work next week',0,1),(45,'Ela Hamilton','E',3,'A06',3,1.00,4,1,0,1,'','[]','Weight Limit: 25kg','',0,1),(46,'Luke Whelan','E',8,'B02',3,1.00,5,1,0,1,'','[]','','',0,1),(47,'Lloyd Luna','C',5,'B06',3,1.00,5,1,0,1,'Support','[]','','',0,1),(48,'Jaguar Colon','A',6,'A01',3,1.00,5,1,1,2,'','[]','Weight Limit: 25kg','Can\'t work next week',0,1),(49,'Jimmy Webster','F',11,'B03',3,1.00,5,1,0,1,'','[]','','',0,1),(50,'Eugene Glover','D',14,'A01',3,1.00,4,0,0,1,'','[]','','',0,1),(51,'Miguel Rose','E',10,'A02',3,1.00,2,1,0,1,'','[]','Weight Limit: 25kg','',0,1),(52,'Nicholas Thorne','C',5,'A05',3,1.00,4,0,0,1,'','[]','','Can\'t work next week',0,1),(53,'Zach Atherton','D',6,'B04',3,1.00,5,1,0,2,'','[]','','',0,1),(54,'Nathan Greeme','F',3,'B02',3,1.00,5,1,0,1,'','[]','Weight Limit: 25kg','',0,1),(55,'Cheryl Castillo','C',7,'B04',3,1.00,4,1,0,1,'','[]','','',0,1),(56,'Dana Hicks','E',1,'B01',3,1.00,4,0,0,1,'','[]','','Can\'t work next week',0,1),(57,'Scott Ramsey','F',8,'B06',3,1.00,5,0,1,1,'','[]','Weight Limit: 25kg','',0,1),(58,'Benjamin Bradley','C',7,'A04',3,1.00,5,1,0,1,'','[]','','',0,1),(59,'Carmen Brtiggs','C',9,'B01',3,1.00,5,1,0,2,'','[]','','',0,1),(60,'Georgie Powell','C',6,'A06',3,1.00,5,0,0,1,'L Support','[]','Weight Limit: 25kg','Can\'t work next week',0,1),(61,'Crystal Keller','C',5,'A06',4,1.00,5,1,0,1,'Support','[]','','',0,1),(62,'Eva Wang','A',8,'M06',4,1.00,2,0,0,1,'','[]','','',0,1),(63,'Edith Rodriguez','D',1,'AB04',4,1.00,3,0,0,1,'','[]','Weight Limit: 25kg','',0,1),(64,'Josie Johnston','F',3,'B06',4,1.00,5,1,0,1,'Support','[]','','Can\'t work next week',0,1),(65,'Kimberly Smith','A',2,'M02',4,1.00,2,1,0,1,'','[]','','',0,0),(66,'Samantha Wise','E',2,'A03',4,1.00,3,1,0,1,'','[]','Weight Limit: 25kg','',0,0),(67,'Taylor Baker','C',9,'A03',4,1.00,5,1,0,1,'Support','[]','','',0,0),(68,'Tiffany Mcgregor','C',6,'A01',4,1.00,5,1,0,1,'Support','[]','','Can\'t work next week',0,0),(69,'Flora Gonzalez','C',10,'B05',4,1.00,5,1,1,1,'Support','[]','Weight Limit: 25kg','',0,0),(70,'Mia Davis','F',13,'B06',4,1.00,5,1,0,1,'','[]','','',0,0),(71,'Leona Wilson','D',5,'B03',4,1.00,4,0,0,1,'','[]','','',0,0),(72,'Hayley Payne','D',3,'B03',4,1.00,5,0,0,1,'','[]','Weight Limit: 25kg','Can\'t work next week',0,0),(73,'Ashlee  Pena','E',7,'A04',4,1.00,5,1,1,2,'Charge','[]','','',0,0),(74,'Digby  Mckinney','D',1,'B05',4,1.00,5,0,0,1,'Support','[]','','',0,0),(75,'Tiana  Ross','D',4,'B04',4,1.00,5,1,0,1,'Code','[]','Weight Limit: 25kg','',0,0),(76,'Megan Montoya','D',11,'B06',4,1.00,5,1,0,1,'Charge','[]','','Can\'t work next week',0,0),(77,'Jerry Mendoza','F',6,'AB02',4,1.00,3,0,0,1,'','[]','','',0,0),(78,'Bailey Robertson','E',5,'B01',4,1.00,5,1,0,1,'Support','[]','Weight Limit: 25kg','',0,0),(79,'Alfie Patterson','D',7,'B05',4,1.00,5,0,0,1,'','[]','','',0,0),(80,'Kelly Conner',NULL,NULL,NULL,0,0.00,5,1,0,1,'','[]','','Can\'t work next week',0,0),(81,'Katy Schmidtt',NULL,NULL,NULL,0,0.00,5,1,0,1,'','[]','Weight Limit: 25kg','',0,0),(82,'Deborah Boyd',NULL,NULL,NULL,0,0.00,5,0,1,1,'L Code','[]','','',0,0),(83,'Beatrix Duncan',NULL,NULL,NULL,0,0.00,3,0,0,1,'','[]','','',0,0),(84,'Frederic Black',NULL,NULL,NULL,0,0.00,5,1,0,1,'','[]','Weight Limit: 25kg','Can\'t work next week',0,0),(85,'Edgar Clayton',NULL,NULL,NULL,0,0.00,3,0,0,1,'','[]','','',0,0),(86,'Melanie Riley',NULL,NULL,NULL,0,0.00,5,1,0,1,'','[]','','',0,0),(87,'Mike Starkey',NULL,NULL,NULL,0,0.00,5,0,0,1,'Code','[]','Weight Limit: 25kg','',0,0),(88,'Nancy Chapman',NULL,NULL,NULL,0,0.00,1,1,0,1,'','[]','','Can\'t work next week',0,0),(89,'Bruce Kennedy',NULL,NULL,NULL,0,0.00,3,0,0,1,'','[]','','',0,0),(90,'Brian Burton',NULL,NULL,NULL,0,0.00,4,1,1,1,'','[]','Weight Limit: 25kg','',0,0),(91,'Shane Henry',NULL,NULL,NULL,0,0.00,5,1,0,1,'L Charge','[]','','',0,0),(92,'Gary Bernard',NULL,NULL,NULL,0,0.00,4,0,0,1,'','[]','','Can\'t work next week',0,0),(93,'Katherine Faulkner',NULL,NULL,NULL,0,0.00,3,0,0,1,'','[]','Weight Limit: 25kg','',0,0),(94,'Wilbur Owens',NULL,NULL,NULL,0,0.00,3,0,0,1,'','[]','','',0,0),(95,'Raymond Welch',NULL,NULL,NULL,0,0.00,5,1,1,1,'Charge','[]','','',0,0),(96,'Russel Delgado',NULL,NULL,NULL,0,0.00,4,1,0,1,'','[]','Weight Limit: 25kg','Can\'t work next week',0,0),(97,'Jackson Mitchell',NULL,NULL,NULL,0,0.00,4,1,0,1,'','[]','','',0,0),(98,'Keith Dunn',NULL,NULL,NULL,0,0.00,4,0,0,1,'','[]','','',0,0),(99,'Taylor Alvarez',NULL,NULL,NULL,0,0.00,4,0,0,1,'','[]','Weight Limit: 25kg','',0,0),(100,'Rian Hartness',NULL,NULL,NULL,0,0.00,5,0,0,1,'','[]','','Can\'t work next week',0,0),(120,'Teresa Bagshawe','D',NULL,'A6',6,1.00,5,0,0,1,'Code',NULL,'','',0,0);
/*!40000 ALTER TABLE `nurses` ENABLE KEYS */;
UNLOCK TABLES;

--
-- Table structure for table `patient_nurse_assignments`
--

DROP TABLE IF EXISTS `patient_nurse_assignments`;
/*!40101 SET @saved_cs_client     = @@character_set_client */;
/*!50503 SET character_set_client = utf8mb4 */;
CREATE TABLE `patient_nurse_assignments` (
  `assignment_id` int NOT NULL AUTO_INCREMENT,
  `assignment_shift` varchar(45) NOT NULL,
  `frn_nurse_id` int DEFAULT NULL,
  `frn_patient_id` int NOT NULL,
  PRIMARY KEY (`assignment_id`),
  KEY `frn_nurse_id_idx` (`frn_nurse_id`),
  KEY `assignments_frn_patient_id_idx` (`frn_patient_id`),
  CONSTRAINT `assignments_frn_nurse_id` FOREIGN KEY (`frn_nurse_id`) REFERENCES `nurses` (`id`) ON DELETE RESTRICT ON UPDATE RESTRICT,
  CONSTRAINT `assignments_frn_patient_id` FOREIGN KEY (`frn_patient_id`) REFERENCES `patients` (`id`) ON DELETE RESTRICT ON UPDATE RESTRICT
) ENGINE=InnoDB AUTO_INCREMENT=12926 DEFAULT CHARSET=utf8mb4 COLLATE=utf8mb4_0900_ai_ci;
/*!40101 SET character_set_client = @saved_cs_client */;

--
-- Dumping data for table `patient_nurse_assignments`
--

LOCK TABLES `patient_nurse_assignments` WRITE;
/*!40000 ALTER TABLE `patient_nurse_assignments` DISABLE KEYS */;
INSERT INTO `patient_nurse_assignments` VALUES (4878,'March 02, 2021 - 08:58:00 PM',48,135),(4879,'March 02, 2021 - 08:58:00 PM',19,136),(4880,'March 02, 2021 - 08:58:00 PM',10,37),(4881,'March 02, 2021 - 08:58:00 PM',23,138),(4882,'March 02, 2021 - 08:58:00 PM',6,137),(4883,'March 02, 2021 - 08:58:00 PM',1,34),(4884,'March 02, 2021 - 08:58:00 PM',4,49),(4885,'March 02, 2021 - 08:58:00 PM',21,43),(4886,'March 02, 2021 - 08:58:00 PM',42,44),(4887,'March 02, 2021 - 08:58:00 PM',52,42),(4888,'March 02, 2021 - 08:58:00 PM',17,33),(4889,'March 02, 2021 - 08:58:00 PM',34,36),(4890,'March 02, 2021 - 08:58:00 PM',7,50),(4891,'March 02, 2021 - 08:58:00 PM',16,27),(4892,'March 02, 2021 - 08:58:00 PM',38,30),(4893,'March 02, 2021 - 08:58:00 PM',22,16),(4894,'March 02, 2021 - 08:58:00 PM',8,17),(4895,'March 02, 2021 - 08:58:00 PM',32,18),(4896,'March 02, 2021 - 08:58:00 PM',63,19),(4897,'March 02, 2021 - 08:58:00 PM',36,20),(4898,'March 02, 2021 - 08:58:00 PM',2,21),(4899,'March 02, 2021 - 08:58:00 PM',39,22),(4900,'March 02, 2021 - 08:58:00 PM',71,23),(4901,'March 02, 2021 - 08:58:00 PM',50,24),(4902,'March 02, 2021 - 08:58:00 PM',26,25),(4903,'March 02, 2021 - 08:58:00 PM',44,28),(4904,'March 02, 2021 - 08:58:00 PM',12,38),(4905,'March 02, 2021 - 08:58:00 PM',35,46),(4906,'March 02, 2021 - 08:58:00 PM',25,47),(4907,'March 02, 2021 - 08:58:00 PM',51,7),(4908,'March 02, 2021 - 08:58:00 PM',15,9),(4909,'March 02, 2021 - 08:58:00 PM',24,10),(4910,'March 02, 2021 - 08:58:00 PM',9,11),(4911,'March 02, 2021 - 08:58:00 PM',20,12),(4912,'March 02, 2021 - 08:58:00 PM',18,13),(4913,'March 02, 2021 - 08:58:00 PM',31,14),(4914,'March 02, 2021 - 08:58:00 PM',66,15),(4915,'March 02, 2021 - 08:58:00 PM',27,26),(4916,'March 02, 2021 - 08:58:00 PM',45,31),(4917,'March 02, 2021 - 08:58:00 PM',56,41),(4918,'March 02, 2021 - 08:58:00 PM',14,48),(4919,'March 02, 2021 - 08:58:00 PM',29,2),(4920,'March 02, 2021 - 08:58:00 PM',40,32),(4921,'March 02, 2021 - 08:58:00 PM',57,45),(4922,'March 02, 2021 - 08:58:00 PM',5,6),(4923,'March 02, 2021 - 08:58:00 PM',37,39),(4924,'March 02, 2021 - 08:58:00 PM',30,40),(4925,'March 02, 2021 - 08:58:00 PM',77,29),(4926,'March 03, 2021 - 11:40:00 PM',48,135),(4927,'March 03, 2021 - 11:40:00 PM',19,136),(4928,'March 03, 2021 - 11:40:00 PM',10,37),(4929,'March 03, 2021 - 11:40:00 PM',23,138),(4930,'March 03, 2021 - 11:40:00 PM',6,137),(4931,'March 03, 2021 - 11:40:00 PM',1,34),(4932,'March 03, 2021 - 11:40:00 PM',4,49),(4933,'March 03, 2021 - 11:40:00 PM',21,43),(4934,'March 03, 2021 - 11:40:00 PM',42,44),(4935,'March 03, 2021 - 11:40:00 PM',52,42),(4936,'March 03, 2021 - 11:40:00 PM',17,33),(4937,'March 03, 2021 - 11:40:00 PM',34,36),(4938,'March 03, 2021 - 11:40:00 PM',7,50),(4939,'March 03, 2021 - 11:40:00 PM',16,27),(4940,'March 03, 2021 - 11:40:00 PM',38,30),(4941,'March 03, 2021 - 11:40:00 PM',22,16),(4942,'March 03, 2021 - 11:40:00 PM',8,17),(4943,'March 03, 2021 - 11:40:00 PM',32,18),(4944,'March 03, 2021 - 11:40:00 PM',63,19),(4945,'March 03, 2021 - 11:40:00 PM',36,20),(4946,'March 03, 2021 - 11:40:00 PM',2,21),(4947,'March 03, 2021 - 11:40:00 PM',39,22),(4948,'March 03, 2021 - 11:40:00 PM',71,23),(4949,'March 03, 2021 - 11:40:00 PM',50,24),(4950,'March 03, 2021 - 11:40:00 PM',26,25),(4951,'March 03, 2021 - 11:40:00 PM',44,28),(4952,'March 03, 2021 - 11:40:00 PM',12,38),(4953,'March 03, 2021 - 11:40:00 PM',35,46),(4954,'March 03, 2021 - 11:40:00 PM',25,47),(4955,'March 03, 2021 - 11:40:00 PM',51,7),(4956,'March 03, 2021 - 11:40:00 PM',15,9),(4957,'March 03, 2021 - 11:40:00 PM',24,10),(4958,'March 03, 2021 - 11:40:00 PM',9,11),(4959,'March 03, 2021 - 11:40:00 PM',20,12),(4960,'March 03, 2021 - 11:40:00 PM',18,13),(4961,'March 03, 2021 - 11:40:00 PM',31,14),(4962,'March 03, 2021 - 11:40:00 PM',66,15),(4963,'March 03, 2021 - 11:40:00 PM',27,26),(4964,'March 03, 2021 - 11:40:00 PM',45,31),(4965,'March 03, 2021 - 11:40:00 PM',56,41),(4966,'March 03, 2021 - 11:40:00 PM',14,48),(4967,'March 03, 2021 - 11:40:00 PM',29,2),(4968,'March 03, 2021 - 11:40:00 PM',40,32),(4969,'March 03, 2021 - 11:40:00 PM',57,45),(4970,'March 03, 2021 - 11:40:00 PM',5,6),(4971,'March 03, 2021 - 11:40:00 PM',37,39),(4972,'March 03, 2021 - 11:40:00 PM',30,40),(4973,'March 03, 2021 - 11:40:00 PM',77,29),(4974,'March 03, 2021 - 11:42:00 PM',48,135),(4975,'March 03, 2021 - 11:42:00 PM',19,136),(4976,'March 03, 2021 - 11:42:00 PM',10,37),(4977,'March 03, 2021 - 11:42:00 PM',23,138),(4978,'March 03, 2021 - 11:42:00 PM',6,137),(4979,'March 03, 2021 - 11:42:00 PM',1,34),(4980,'March 03, 2021 - 11:42:00 PM',4,49),(4981,'March 03, 2021 - 11:42:00 PM',21,43),(4982,'March 03, 2021 - 11:42:00 PM',42,44),(4983,'March 03, 2021 - 11:42:00 PM',52,42),(4984,'March 03, 2021 - 11:42:00 PM',17,33),(4985,'March 03, 2021 - 11:42:00 PM',34,36),(4986,'March 03, 2021 - 11:42:00 PM',7,50),(4987,'March 03, 2021 - 11:42:00 PM',16,27),(4988,'March 03, 2021 - 11:42:00 PM',38,30),(4989,'March 03, 2021 - 11:42:00 PM',22,16),(4990,'March 03, 2021 - 11:42:00 PM',8,17),(4991,'March 03, 2021 - 11:42:00 PM',32,18),(4992,'March 03, 2021 - 11:42:00 PM',63,19),(4993,'March 03, 2021 - 11:42:00 PM',36,20),(4994,'March 03, 2021 - 11:42:00 PM',2,21),(4995,'March 03, 2021 - 11:42:00 PM',39,22),(4996,'March 03, 2021 - 11:42:00 PM',71,23),(4997,'March 03, 2021 - 11:42:00 PM',50,24),(4998,'March 03, 2021 - 11:42:00 PM',26,25),(4999,'March 03, 2021 - 11:42:00 PM',44,28),(5000,'March 03, 2021 - 11:42:00 PM',12,38),(5001,'March 03, 2021 - 11:42:00 PM',35,46),(5002,'March 03, 2021 - 11:42:00 PM',25,47),(5003,'March 03, 2021 - 11:42:00 PM',51,7),(5004,'March 03, 2021 - 11:42:00 PM',15,9),(5005,'March 03, 2021 - 11:42:00 PM',24,10),(5006,'March 03, 2021 - 11:42:00 PM',9,11),(5007,'March 03, 2021 - 11:42:00 PM',20,12),(5008,'March 03, 2021 - 11:42:00 PM',18,13),(5009,'March 03, 2021 - 11:42:00 PM',31,14),(5010,'March 03, 2021 - 11:42:00 PM',66,15),(5011,'March 03, 2021 - 11:42:00 PM',27,26),(5012,'March 03, 2021 - 11:42:00 PM',45,31),(5013,'March 03, 2021 - 11:42:00 PM',56,41),(5014,'March 03, 2021 - 11:42:00 PM',14,48),(5015,'March 03, 2021 - 11:42:00 PM',29,2),(5016,'March 03, 2021 - 11:42:00 PM',40,32),(5017,'March 03, 2021 - 11:42:00 PM',57,45),(5018,'March 03, 2021 - 11:42:00 PM',5,6),(5019,'March 03, 2021 - 11:42:00 PM',37,39),(5020,'March 03, 2021 - 11:42:00 PM',30,40),(5021,'March 03, 2021 - 11:42:00 PM',77,29),(5022,'March 03, 2021 - 11:43:00 PM',48,135),(5023,'March 03, 2021 - 11:43:00 PM',19,136),(5024,'March 03, 2021 - 11:43:00 PM',10,37),(5025,'March 03, 2021 - 11:43:00 PM',23,138),(5026,'March 03, 2021 - 11:43:00 PM',6,137),(5027,'March 03, 2021 - 11:43:00 PM',1,34),(5028,'March 03, 2021 - 11:43:00 PM',4,49),(5029,'March 03, 2021 - 11:43:00 PM',21,43),(5030,'March 03, 2021 - 11:43:00 PM',42,44),(5031,'March 03, 2021 - 11:43:00 PM',52,42),(5032,'March 03, 2021 - 11:43:00 PM',17,33),(5033,'March 03, 2021 - 11:43:00 PM',34,36),(5034,'March 03, 2021 - 11:43:00 PM',7,50),(5035,'March 03, 2021 - 11:43:00 PM',16,27),(5036,'March 03, 2021 - 11:43:00 PM',38,30),(5037,'March 03, 2021 - 11:43:00 PM',22,16),(5038,'March 03, 2021 - 11:43:00 PM',8,17),(5039,'March 03, 2021 - 11:43:00 PM',32,18),(5040,'March 03, 2021 - 11:43:00 PM',63,19),(5041,'March 03, 2021 - 11:43:00 PM',36,20),(5042,'March 03, 2021 - 11:43:00 PM',2,21),(5043,'March 03, 2021 - 11:43:00 PM',39,22),(5044,'March 03, 2021 - 11:43:00 PM',71,23),(5045,'March 03, 2021 - 11:43:00 PM',50,24),(5046,'March 03, 2021 - 11:43:00 PM',26,25),(5047,'March 03, 2021 - 11:43:00 PM',44,28),(5048,'March 03, 2021 - 11:43:00 PM',12,38),(5049,'March 03, 2021 - 11:43:00 PM',35,46),(5050,'March 03, 2021 - 11:43:00 PM',25,47),(5051,'March 03, 2021 - 11:43:00 PM',51,7),(5052,'March 03, 2021 - 11:43:00 PM',15,9),(5053,'March 03, 2021 - 11:43:00 PM',24,10),(5054,'March 03, 2021 - 11:43:00 PM',9,11),(5055,'March 03, 2021 - 11:43:00 PM',20,12),(5056,'March 03, 2021 - 11:43:00 PM',18,13),(5057,'March 03, 2021 - 11:43:00 PM',31,14),(5058,'March 03, 2021 - 11:43:00 PM',66,15),(5059,'March 03, 2021 - 11:43:00 PM',27,26),(5060,'March 03, 2021 - 11:43:00 PM',45,31),(5061,'March 03, 2021 - 11:43:00 PM',56,41),(5062,'March 03, 2021 - 11:43:00 PM',14,48),(5063,'March 03, 2021 - 11:43:00 PM',29,2),(5064,'March 03, 2021 - 11:43:00 PM',40,32),(5065,'March 03, 2021 - 11:43:00 PM',57,45),(5066,'March 03, 2021 - 11:43:00 PM',5,6),(5067,'March 03, 2021 - 11:43:00 PM',37,39),(5068,'March 03, 2021 - 11:43:00 PM',30,40),(5069,'March 03, 2021 - 11:43:00 PM',77,29),(5070,'March 03, 2021 - 11:45:00 PM',48,135),(5071,'March 03, 2021 - 11:45:00 PM',19,136),(5072,'March 03, 2021 - 11:45:00 PM',10,37),(5073,'March 03, 2021 - 11:45:00 PM',23,138),(5074,'March 03, 2021 - 11:45:00 PM',6,137),(5075,'March 03, 2021 - 11:45:00 PM',1,34),(5076,'March 03, 2021 - 11:45:00 PM',4,49),(5077,'March 03, 2021 - 11:45:00 PM',21,43),(5078,'March 03, 2021 - 11:45:00 PM',42,44),(5079,'March 03, 2021 - 11:45:00 PM',52,42),(5080,'March 03, 2021 - 11:45:00 PM',17,33),(5081,'March 03, 2021 - 11:45:00 PM',34,36),(5082,'March 03, 2021 - 11:45:00 PM',7,50),(5083,'March 03, 2021 - 11:45:00 PM',16,27),(5084,'March 03, 2021 - 11:45:00 PM',38,30),(5085,'March 03, 2021 - 11:45:00 PM',22,16),(5086,'March 03, 2021 - 11:45:00 PM',8,17),(5087,'March 03, 2021 - 11:45:00 PM',32,18),(5088,'March 03, 2021 - 11:45:00 PM',63,19),(5089,'March 03, 2021 - 11:45:00 PM',36,20),(5090,'March 03, 2021 - 11:45:00 PM',2,21),(5091,'March 03, 2021 - 11:45:00 PM',39,22),(5092,'March 03, 2021 - 11:45:00 PM',71,23),(5093,'March 03, 2021 - 11:45:00 PM',50,24),(5094,'March 03, 2021 - 11:45:00 PM',26,25),(5095,'March 03, 2021 - 11:45:00 PM',44,28),(5096,'March 03, 2021 - 11:45:00 PM',12,38),(5097,'March 03, 2021 - 11:45:00 PM',35,46),(5098,'March 03, 2021 - 11:45:00 PM',25,47),(5099,'March 03, 2021 - 11:45:00 PM',51,7),(5100,'March 03, 2021 - 11:45:00 PM',15,9),(5101,'March 03, 2021 - 11:45:00 PM',24,10),(5102,'March 03, 2021 - 11:45:00 PM',9,11),(5103,'March 03, 2021 - 11:45:00 PM',20,12),(5104,'March 03, 2021 - 11:45:00 PM',18,13),(5105,'March 03, 2021 - 11:45:00 PM',31,14),(5106,'March 03, 2021 - 11:45:00 PM',66,15),(5107,'March 03, 2021 - 11:45:00 PM',27,26),(5108,'March 03, 2021 - 11:45:00 PM',45,31),(5109,'March 03, 2021 - 11:45:00 PM',56,41),(5110,'March 03, 2021 - 11:45:00 PM',14,48),(5111,'March 03, 2021 - 11:45:00 PM',29,2),(5112,'March 03, 2021 - 11:45:00 PM',40,32),(5113,'March 03, 2021 - 11:45:00 PM',57,45),(5114,'March 03, 2021 - 11:45:00 PM',5,6),(5115,'March 03, 2021 - 11:45:00 PM',37,39),(5116,'March 03, 2021 - 11:45:00 PM',30,40),(5117,'March 03, 2021 - 11:45:00 PM',77,29),(5118,'March 03, 2021 - 11:47:00 PM',48,135),(5119,'March 03, 2021 - 11:47:00 PM',19,136),(5120,'March 03, 2021 - 11:47:00 PM',10,37),(5121,'March 03, 2021 - 11:47:00 PM',23,138),(5122,'March 03, 2021 - 11:47:00 PM',6,137),(5123,'March 03, 2021 - 11:47:00 PM',1,34),(5124,'March 03, 2021 - 11:47:00 PM',4,49),(5125,'March 03, 2021 - 11:47:00 PM',21,43),(5126,'March 03, 2021 - 11:47:00 PM',42,44),(5127,'March 03, 2021 - 11:47:00 PM',52,42),(5128,'March 03, 2021 - 11:47:00 PM',17,33),(5129,'March 03, 2021 - 11:47:00 PM',34,36),(5130,'March 03, 2021 - 11:47:00 PM',7,50),(5131,'March 03, 2021 - 11:47:00 PM',16,27),(5132,'March 03, 2021 - 11:47:00 PM',38,30),(5133,'March 03, 2021 - 11:47:00 PM',22,16),(5134,'March 03, 2021 - 11:47:00 PM',8,17),(5135,'March 03, 2021 - 11:47:00 PM',32,18),(5136,'March 03, 2021 - 11:47:00 PM',63,19),(5137,'March 03, 2021 - 11:47:00 PM',36,20),(5138,'March 03, 2021 - 11:47:00 PM',2,21),(5139,'March 03, 2021 - 11:47:00 PM',39,22),(5140,'March 03, 2021 - 11:47:00 PM',71,23),(5141,'March 03, 2021 - 11:47:00 PM',50,24),(5142,'March 03, 2021 - 11:47:00 PM',26,25),(5143,'March 03, 2021 - 11:47:00 PM',44,28),(5144,'March 03, 2021 - 11:47:00 PM',12,38),(5145,'March 03, 2021 - 11:47:00 PM',35,46),(5146,'March 03, 2021 - 11:47:00 PM',25,47),(5147,'March 03, 2021 - 11:47:00 PM',51,7),(5148,'March 03, 2021 - 11:47:00 PM',15,9),(5149,'March 03, 2021 - 11:47:00 PM',24,10),(5150,'March 03, 2021 - 11:47:00 PM',9,11),(5151,'March 03, 2021 - 11:47:00 PM',20,12),(5152,'March 03, 2021 - 11:47:00 PM',18,13),(5153,'March 03, 2021 - 11:47:00 PM',31,14),(5154,'March 03, 2021 - 11:47:00 PM',66,15),(5155,'March 03, 2021 - 11:47:00 PM',27,26),(5156,'March 03, 2021 - 11:47:00 PM',45,31),(5157,'March 03, 2021 - 11:47:00 PM',56,41),(5158,'March 03, 2021 - 11:47:00 PM',14,48),(5159,'March 03, 2021 - 11:47:00 PM',29,2),(5160,'March 03, 2021 - 11:47:00 PM',40,32),(5161,'March 03, 2021 - 11:47:00 PM',57,45),(5162,'March 03, 2021 - 11:47:00 PM',5,6),(5163,'March 03, 2021 - 11:47:00 PM',37,39),(5164,'March 03, 2021 - 11:47:00 PM',30,40),(5165,'March 03, 2021 - 11:47:00 PM',77,29),(5166,'March 03, 2021 - 11:49:00 PM',48,135),(5167,'March 03, 2021 - 11:49:00 PM',19,136),(5168,'March 03, 2021 - 11:49:00 PM',10,37),(5169,'March 03, 2021 - 11:49:00 PM',23,138),(5170,'March 03, 2021 - 11:49:00 PM',6,137),(5171,'March 03, 2021 - 11:49:00 PM',1,34),(5172,'March 03, 2021 - 11:49:00 PM',4,49),(5173,'March 03, 2021 - 11:49:00 PM',21,43),(5174,'March 03, 2021 - 11:49:00 PM',42,44),(5175,'March 03, 2021 - 11:49:00 PM',52,42),(5176,'March 03, 2021 - 11:49:00 PM',17,33),(5177,'March 03, 2021 - 11:49:00 PM',34,36),(5178,'March 03, 2021 - 11:49:00 PM',7,50),(5179,'March 03, 2021 - 11:49:00 PM',16,27),(5180,'March 03, 2021 - 11:49:00 PM',38,30),(5181,'March 03, 2021 - 11:49:00 PM',22,16),(5182,'March 03, 2021 - 11:49:00 PM',8,17),(5183,'March 03, 2021 - 11:49:00 PM',32,18),(5184,'March 03, 2021 - 11:49:00 PM',63,19),(5185,'March 03, 2021 - 11:49:00 PM',36,20),(5186,'March 03, 2021 - 11:49:00 PM',2,21),(5187,'March 03, 2021 - 11:49:00 PM',39,22),(5188,'March 03, 2021 - 11:49:00 PM',71,23),(5189,'March 03, 2021 - 11:49:00 PM',50,24),(5190,'March 03, 2021 - 11:49:00 PM',26,25),(5191,'March 03, 2021 - 11:49:00 PM',44,28),(5192,'March 03, 2021 - 11:49:00 PM',12,38),(5193,'March 03, 2021 - 11:49:00 PM',35,46),(5194,'March 03, 2021 - 11:49:00 PM',25,47),(5195,'March 03, 2021 - 11:49:00 PM',51,7),(5196,'March 03, 2021 - 11:49:00 PM',15,9),(5197,'March 03, 2021 - 11:49:00 PM',24,10),(5198,'March 03, 2021 - 11:49:00 PM',9,11),(5199,'March 03, 2021 - 11:49:00 PM',20,12),(5200,'March 03, 2021 - 11:49:00 PM',18,13),(5201,'March 03, 2021 - 11:49:00 PM',31,14),(5202,'March 03, 2021 - 11:49:00 PM',66,15),(5203,'March 03, 2021 - 11:49:00 PM',27,26),(5204,'March 03, 2021 - 11:49:00 PM',45,31),(5205,'March 03, 2021 - 11:49:00 PM',56,41),(5206,'March 03, 2021 - 11:49:00 PM',14,48),(5207,'March 03, 2021 - 11:49:00 PM',29,2),(5208,'March 03, 2021 - 11:49:00 PM',40,32),(5209,'March 03, 2021 - 11:49:00 PM',57,45),(5210,'March 03, 2021 - 11:49:00 PM',5,6),(5211,'March 03, 2021 - 11:49:00 PM',37,39),(5212,'March 03, 2021 - 11:49:00 PM',30,40),(5213,'March 03, 2021 - 11:49:00 PM',77,29),(5214,'March 03, 2021 - 11:57:00 PM',48,135),(5215,'March 03, 2021 - 11:57:00 PM',19,136),(5216,'March 03, 2021 - 11:57:00 PM',10,37),(5217,'March 03, 2021 - 11:57:00 PM',23,138),(5218,'March 03, 2021 - 11:57:00 PM',6,137),(5219,'March 03, 2021 - 11:57:00 PM',1,34),(5220,'March 03, 2021 - 11:57:00 PM',4,49),(5221,'March 03, 2021 - 11:57:00 PM',21,43),(5222,'March 03, 2021 - 11:57:00 PM',42,44),(5223,'March 03, 2021 - 11:57:00 PM',52,42),(5224,'March 03, 2021 - 11:57:00 PM',17,33),(5225,'March 03, 2021 - 11:57:00 PM',34,36),(5226,'March 03, 2021 - 11:57:00 PM',7,50),(5227,'March 03, 2021 - 11:57:00 PM',16,27),(5228,'March 03, 2021 - 11:57:00 PM',38,30),(5229,'March 03, 2021 - 11:57:00 PM',22,16),(5230,'March 03, 2021 - 11:57:00 PM',8,17),(5231,'March 03, 2021 - 11:57:00 PM',32,18),(5232,'March 03, 2021 - 11:57:00 PM',63,19),(5233,'March 03, 2021 - 11:57:00 PM',36,20),(5234,'March 03, 2021 - 11:57:00 PM',2,21),(5235,'March 03, 2021 - 11:57:00 PM',39,22),(5236,'March 03, 2021 - 11:57:00 PM',71,23),(5237,'March 03, 2021 - 11:57:00 PM',50,24),(5238,'March 03, 2021 - 11:57:00 PM',26,25),(5239,'March 03, 2021 - 11:57:00 PM',44,28),(5240,'March 03, 2021 - 11:57:00 PM',12,38),(5241,'March 03, 2021 - 11:57:00 PM',35,46),(5242,'March 03, 2021 - 11:57:00 PM',25,47),(5243,'March 03, 2021 - 11:57:00 PM',51,7),(5244,'March 03, 2021 - 11:57:00 PM',15,9),(5245,'March 03, 2021 - 11:57:00 PM',24,10),(5246,'March 03, 2021 - 11:57:00 PM',9,11),(5247,'March 03, 2021 - 11:57:00 PM',20,12),(5248,'March 03, 2021 - 11:57:00 PM',18,13),(5249,'March 03, 2021 - 11:57:00 PM',31,14),(5250,'March 03, 2021 - 11:57:00 PM',66,15),(5251,'March 03, 2021 - 11:57:00 PM',27,26),(5252,'March 03, 2021 - 11:57:00 PM',45,31),(5253,'March 03, 2021 - 11:57:00 PM',56,41),(5254,'March 03, 2021 - 11:57:00 PM',14,48),(5255,'March 03, 2021 - 11:57:00 PM',29,2),(5256,'March 03, 2021 - 11:57:00 PM',40,32),(5257,'March 03, 2021 - 11:57:00 PM',57,45),(5258,'March 03, 2021 - 11:57:00 PM',5,6),(5259,'March 03, 2021 - 11:57:00 PM',37,39),(5260,'March 03, 2021 - 11:57:00 PM',30,40),(5261,'March 03, 2021 - 11:57:00 PM',77,29),(5262,'March 03, 2021 - 11:58:00 PM',48,135),(5263,'March 03, 2021 - 11:58:00 PM',19,136),(5264,'March 03, 2021 - 11:58:00 PM',10,37),(5265,'March 03, 2021 - 11:58:00 PM',23,138),(5266,'March 03, 2021 - 11:58:00 PM',6,137),(5267,'March 03, 2021 - 11:58:00 PM',1,34),(5268,'March 03, 2021 - 11:58:00 PM',4,49),(5269,'March 03, 2021 - 11:58:00 PM',21,43),(5270,'March 03, 2021 - 11:58:00 PM',42,44),(5271,'March 03, 2021 - 11:58:00 PM',52,42),(5272,'March 03, 2021 - 11:58:00 PM',17,33),(5273,'March 03, 2021 - 11:58:00 PM',34,36),(5274,'March 03, 2021 - 11:58:00 PM',7,50),(5275,'March 03, 2021 - 11:58:00 PM',16,27),(5276,'March 03, 2021 - 11:58:00 PM',38,30),(5277,'March 03, 2021 - 11:58:00 PM',22,16),(5278,'March 03, 2021 - 11:58:00 PM',8,17),(5279,'March 03, 2021 - 11:58:00 PM',32,18),(5280,'March 03, 2021 - 11:58:00 PM',63,19),(5281,'March 03, 2021 - 11:58:00 PM',36,20),(5282,'March 03, 2021 - 11:58:00 PM',2,21),(5283,'March 03, 2021 - 11:58:00 PM',39,22),(5284,'March 03, 2021 - 11:58:00 PM',71,23),(5285,'March 03, 2021 - 11:58:00 PM',50,24),(5286,'March 03, 2021 - 11:58:00 PM',26,25),(5287,'March 03, 2021 - 11:58:00 PM',44,28),(5288,'March 03, 2021 - 11:58:00 PM',12,38),(5289,'March 03, 2021 - 11:58:00 PM',35,46),(5290,'March 03, 2021 - 11:58:00 PM',25,47),(5291,'March 03, 2021 - 11:58:00 PM',51,7),(5292,'March 03, 2021 - 11:58:00 PM',15,9),(5293,'March 03, 2021 - 11:58:00 PM',24,10),(5294,'March 03, 2021 - 11:58:00 PM',9,11),(5295,'March 03, 2021 - 11:58:00 PM',20,12),(5296,'March 03, 2021 - 11:58:00 PM',18,13),(5297,'March 03, 2021 - 11:58:00 PM',31,14),(5298,'March 03, 2021 - 11:58:00 PM',66,15),(5299,'March 03, 2021 - 11:58:00 PM',27,26),(5300,'March 03, 2021 - 11:58:00 PM',45,31),(5301,'March 03, 2021 - 11:58:00 PM',56,41),(5302,'March 03, 2021 - 11:58:00 PM',14,48),(5303,'March 03, 2021 - 11:58:00 PM',29,2),(5304,'March 03, 2021 - 11:58:00 PM',40,32),(5305,'March 03, 2021 - 11:58:00 PM',57,45),(5306,'March 03, 2021 - 11:58:00 PM',5,6),(5307,'March 03, 2021 - 11:58:00 PM',37,39),(5308,'March 03, 2021 - 11:58:00 PM',30,40),(5309,'March 03, 2021 - 11:58:00 PM',77,29),(5310,'March 03, 2021 - 11:59:00 PM',48,135),(5311,'March 03, 2021 - 11:59:00 PM',19,136),(5312,'March 03, 2021 - 11:59:00 PM',10,37),(5313,'March 03, 2021 - 11:59:00 PM',23,138),(5314,'March 03, 2021 - 11:59:00 PM',6,137),(5315,'March 03, 2021 - 11:59:00 PM',1,34),(5316,'March 03, 2021 - 11:59:00 PM',4,49),(5317,'March 03, 2021 - 11:59:00 PM',21,43),(5318,'March 03, 2021 - 11:59:00 PM',42,44),(5319,'March 03, 2021 - 11:59:00 PM',52,42),(5320,'March 03, 2021 - 11:59:00 PM',17,33),(5321,'March 03, 2021 - 11:59:00 PM',34,36),(5322,'March 03, 2021 - 11:59:00 PM',7,50),(5323,'March 03, 2021 - 11:59:00 PM',16,27),(5324,'March 03, 2021 - 11:59:00 PM',38,30),(5325,'March 03, 2021 - 11:59:00 PM',22,16),(5326,'March 03, 2021 - 11:59:00 PM',8,17),(5327,'March 03, 2021 - 11:59:00 PM',32,18),(5328,'March 03, 2021 - 11:59:00 PM',63,19),(5329,'March 03, 2021 - 11:59:00 PM',36,20),(5330,'March 03, 2021 - 11:59:00 PM',2,21),(5331,'March 03, 2021 - 11:59:00 PM',39,22),(5332,'March 03, 2021 - 11:59:00 PM',71,23),(5333,'March 03, 2021 - 11:59:00 PM',50,24),(5334,'March 03, 2021 - 11:59:00 PM',26,25),(5335,'March 03, 2021 - 11:59:00 PM',44,28),(5336,'March 03, 2021 - 11:59:00 PM',12,38),(5337,'March 03, 2021 - 11:59:00 PM',35,46),(5338,'March 03, 2021 - 11:59:00 PM',25,47),(5339,'March 03, 2021 - 11:59:00 PM',51,7),(5340,'March 03, 2021 - 11:59:00 PM',15,9),(5341,'March 03, 2021 - 11:59:00 PM',24,10),(5342,'March 03, 2021 - 11:59:00 PM',9,11),(5343,'March 03, 2021 - 11:59:00 PM',20,12),(5344,'March 03, 2021 - 11:59:00 PM',18,13),(5345,'March 03, 2021 - 11:59:00 PM',31,14),(5346,'March 03, 2021 - 11:59:00 PM',66,15),(5347,'March 03, 2021 - 11:59:00 PM',27,26),(5348,'March 03, 2021 - 11:59:00 PM',45,31),(5349,'March 03, 2021 - 11:59:00 PM',56,41),(5350,'March 03, 2021 - 11:59:00 PM',14,48),(5351,'March 03, 2021 - 11:59:00 PM',29,2),(5352,'March 03, 2021 - 11:59:00 PM',40,32),(5353,'March 03, 2021 - 11:59:00 PM',57,45),(5354,'March 03, 2021 - 11:59:00 PM',5,6),(5355,'March 03, 2021 - 11:59:00 PM',37,39),(5356,'March 03, 2021 - 11:59:00 PM',30,40),(5357,'March 03, 2021 - 11:59:00 PM',77,29),(5358,'March 04, 2021 - 12:01:00 AM',48,135),(5359,'March 04, 2021 - 12:01:00 AM',19,136),(5360,'March 04, 2021 - 12:01:00 AM',10,37),(5361,'March 04, 2021 - 12:01:00 AM',23,138),(5362,'March 04, 2021 - 12:01:00 AM',6,137),(5363,'March 04, 2021 - 12:01:00 AM',1,34),(5364,'March 04, 2021 - 12:01:00 AM',4,49),(5365,'March 04, 2021 - 12:01:00 AM',21,43),(5366,'March 04, 2021 - 12:01:00 AM',42,44),(5367,'March 04, 2021 - 12:01:00 AM',52,42),(5368,'March 04, 2021 - 12:01:00 AM',17,33),(5369,'March 04, 2021 - 12:01:00 AM',34,36),(5370,'March 04, 2021 - 12:01:00 AM',7,50),(5371,'March 04, 2021 - 12:01:00 AM',16,27),(5372,'March 04, 2021 - 12:01:00 AM',38,30),(5373,'March 04, 2021 - 12:01:00 AM',22,16),(5374,'March 04, 2021 - 12:01:00 AM',8,17),(5375,'March 04, 2021 - 12:01:00 AM',32,18),(5376,'March 04, 2021 - 12:01:00 AM',63,19),(5377,'March 04, 2021 - 12:01:00 AM',36,20),(5378,'March 04, 2021 - 12:01:00 AM',2,21),(5379,'March 04, 2021 - 12:01:00 AM',39,22),(5380,'March 04, 2021 - 12:01:00 AM',71,23),(5381,'March 04, 2021 - 12:01:00 AM',50,24),(5382,'March 04, 2021 - 12:01:00 AM',26,25),(5383,'March 04, 2021 - 12:01:00 AM',44,28),(5384,'March 04, 2021 - 12:01:00 AM',12,38),(5385,'March 04, 2021 - 12:01:00 AM',35,46),(5386,'March 04, 2021 - 12:01:00 AM',25,47),(5387,'March 04, 2021 - 12:01:00 AM',51,7),(5388,'March 04, 2021 - 12:01:00 AM',15,9),(5389,'March 04, 2021 - 12:01:00 AM',24,10),(5390,'March 04, 2021 - 12:01:00 AM',9,11),(5391,'March 04, 2021 - 12:01:00 AM',20,12),(5392,'March 04, 2021 - 12:01:00 AM',18,13),(5393,'March 04, 2021 - 12:01:00 AM',31,14),(5394,'March 04, 2021 - 12:01:00 AM',66,15),(5395,'March 04, 2021 - 12:01:00 AM',27,26),(5396,'March 04, 2021 - 12:01:00 AM',45,31),(5397,'March 04, 2021 - 12:01:00 AM',56,41),(5398,'March 04, 2021 - 12:01:00 AM',14,48),(5399,'March 04, 2021 - 12:01:00 AM',29,2),(5400,'March 04, 2021 - 12:01:00 AM',40,32),(5401,'March 04, 2021 - 12:01:00 AM',57,45),(5402,'March 04, 2021 - 12:01:00 AM',5,6),(5403,'March 04, 2021 - 12:01:00 AM',37,39),(5404,'March 04, 2021 - 12:01:00 AM',30,40),(5405,'March 04, 2021 - 12:01:00 AM',77,29),(5502,'March 04, 2021 - 12:06:00 AM',48,135),(5503,'March 04, 2021 - 12:06:00 AM',19,136),(5504,'March 04, 2021 - 12:06:00 AM',10,37),(5505,'March 04, 2021 - 12:06:00 AM',23,138),(5506,'March 04, 2021 - 12:06:00 AM',6,137),(5507,'March 04, 2021 - 12:06:00 AM',1,34),(5508,'March 04, 2021 - 12:06:00 AM',4,49),(5509,'March 04, 2021 - 12:06:00 AM',21,43),(5510,'March 04, 2021 - 12:06:00 AM',42,44),(5511,'March 04, 2021 - 12:06:00 AM',52,42),(5512,'March 04, 2021 - 12:06:00 AM',17,33),(5513,'March 04, 2021 - 12:06:00 AM',34,36),(5514,'March 04, 2021 - 12:06:00 AM',7,50),(5515,'March 04, 2021 - 12:06:00 AM',16,27),(5516,'March 04, 2021 - 12:06:00 AM',38,30),(5517,'March 04, 2021 - 12:06:00 AM',22,16),(5518,'March 04, 2021 - 12:06:00 AM',8,17),(5519,'March 04, 2021 - 12:06:00 AM',32,18),(5520,'March 04, 2021 - 12:06:00 AM',63,19),(5521,'March 04, 2021 - 12:06:00 AM',36,20),(5522,'March 04, 2021 - 12:06:00 AM',2,21),(5523,'March 04, 2021 - 12:06:00 AM',39,22),(5524,'March 04, 2021 - 12:06:00 AM',71,23),(5525,'March 04, 2021 - 12:06:00 AM',50,24),(5526,'March 04, 2021 - 12:06:00 AM',26,25),(5527,'March 04, 2021 - 12:06:00 AM',44,28),(5528,'March 04, 2021 - 12:06:00 AM',12,38),(5529,'March 04, 2021 - 12:06:00 AM',35,46),(5530,'March 04, 2021 - 12:06:00 AM',25,47),(5531,'March 04, 2021 - 12:06:00 AM',51,7),(5532,'March 04, 2021 - 12:06:00 AM',15,9),(5533,'March 04, 2021 - 12:06:00 AM',24,10),(5534,'March 04, 2021 - 12:06:00 AM',9,11),(5535,'March 04, 2021 - 12:06:00 AM',20,12),(5536,'March 04, 2021 - 12:06:00 AM',18,13),(5537,'March 04, 2021 - 12:06:00 AM',31,14),(5538,'March 04, 2021 - 12:06:00 AM',66,15),(5539,'March 04, 2021 - 12:06:00 AM',27,26),(5540,'March 04, 2021 - 12:06:00 AM',45,31),(5541,'March 04, 2021 - 12:06:00 AM',56,41),(5542,'March 04, 2021 - 12:06:00 AM',14,48),(5543,'March 04, 2021 - 12:06:00 AM',29,2),(5544,'March 04, 2021 - 12:06:00 AM',40,32),(5545,'March 04, 2021 - 12:06:00 AM',57,45),(5546,'March 04, 2021 - 12:06:00 AM',5,6),(5547,'March 04, 2021 - 12:06:00 AM',37,39),(5548,'March 04, 2021 - 12:06:00 AM',30,40),(5549,'March 04, 2021 - 12:06:00 AM',77,29),(5742,'March 04, 2021 - 12:12:00 AM',48,135),(5743,'March 04, 2021 - 12:12:00 AM',19,136),(5744,'March 04, 2021 - 12:12:00 AM',10,37),(5745,'March 04, 2021 - 12:12:00 AM',23,138),(5746,'March 04, 2021 - 12:12:00 AM',6,137),(5747,'March 04, 2021 - 12:12:00 AM',1,34),(5748,'March 04, 2021 - 12:12:00 AM',4,49),(5749,'March 04, 2021 - 12:12:00 AM',21,43),(5750,'March 04, 2021 - 12:12:00 AM',42,44),(5751,'March 04, 2021 - 12:12:00 AM',52,42),(5752,'March 04, 2021 - 12:12:00 AM',17,33),(5753,'March 04, 2021 - 12:12:00 AM',34,36),(5754,'March 04, 2021 - 12:12:00 AM',7,50),(5755,'March 04, 2021 - 12:12:00 AM',16,27),(5756,'March 04, 2021 - 12:12:00 AM',38,30),(5757,'March 04, 2021 - 12:12:00 AM',22,16),(5758,'March 04, 2021 - 12:12:00 AM',8,17),(5759,'March 04, 2021 - 12:12:00 AM',32,18),(5760,'March 04, 2021 - 12:12:00 AM',63,19),(5761,'March 04, 2021 - 12:12:00 AM',36,20),(5762,'March 04, 2021 - 12:12:00 AM',2,21),(5763,'March 04, 2021 - 12:12:00 AM',39,22),(5764,'March 04, 2021 - 12:12:00 AM',71,23),(5765,'March 04, 2021 - 12:12:00 AM',50,24),(5766,'March 04, 2021 - 12:12:00 AM',26,25),(5767,'March 04, 2021 - 12:12:00 AM',44,28),(5768,'March 04, 2021 - 12:12:00 AM',12,38),(5769,'March 04, 2021 - 12:12:00 AM',35,46),(5770,'March 04, 2021 - 12:12:00 AM',25,47),(5771,'March 04, 2021 - 12:12:00 AM',51,7),(5772,'March 04, 2021 - 12:12:00 AM',15,9),(5773,'March 04, 2021 - 12:12:00 AM',24,10),(5774,'March 04, 2021 - 12:12:00 AM',9,11),(5775,'March 04, 2021 - 12:12:00 AM',20,12),(5776,'March 04, 2021 - 12:12:00 AM',18,13),(5777,'March 04, 2021 - 12:12:00 AM',31,14),(5778,'March 04, 2021 - 12:12:00 AM',66,15),(5779,'March 04, 2021 - 12:12:00 AM',27,26),(5780,'March 04, 2021 - 12:12:00 AM',45,31),(5781,'March 04, 2021 - 12:12:00 AM',56,41),(5782,'March 04, 2021 - 12:12:00 AM',14,48),(5783,'March 04, 2021 - 12:12:00 AM',29,2),(5784,'March 04, 2021 - 12:12:00 AM',40,32),(5785,'March 04, 2021 - 12:12:00 AM',57,45),(5786,'March 04, 2021 - 12:12:00 AM',5,6),(5787,'March 04, 2021 - 12:12:00 AM',37,39),(5788,'March 04, 2021 - 12:12:00 AM',30,40),(5789,'March 04, 2021 - 12:12:00 AM',77,29),(5886,'March 04, 2021 - 07:32:00 PM',48,135),(5887,'March 04, 2021 - 07:32:00 PM',19,136),(5888,'March 04, 2021 - 07:32:00 PM',10,37),(5889,'March 04, 2021 - 07:32:00 PM',23,138),(5890,'March 04, 2021 - 07:32:00 PM',6,137),(5891,'March 04, 2021 - 07:32:00 PM',1,34),(5892,'March 04, 2021 - 07:32:00 PM',4,49),(5893,'March 04, 2021 - 07:32:00 PM',21,43),(5894,'March 04, 2021 - 07:32:00 PM',42,44),(5895,'March 04, 2021 - 07:32:00 PM',52,42),(5896,'March 04, 2021 - 07:32:00 PM',17,33),(5897,'March 04, 2021 - 07:32:00 PM',34,36),(5898,'March 04, 2021 - 07:32:00 PM',7,50),(5899,'March 04, 2021 - 07:32:00 PM',16,27),(5900,'March 04, 2021 - 07:32:00 PM',38,30),(5901,'March 04, 2021 - 07:32:00 PM',22,16),(5902,'March 04, 2021 - 07:32:00 PM',8,17),(5903,'March 04, 2021 - 07:32:00 PM',32,18),(5904,'March 04, 2021 - 07:32:00 PM',63,19),(5905,'March 04, 2021 - 07:32:00 PM',36,20),(5906,'March 04, 2021 - 07:32:00 PM',2,21),(5907,'March 04, 2021 - 07:32:00 PM',39,22),(5908,'March 04, 2021 - 07:32:00 PM',71,23),(5909,'March 04, 2021 - 07:32:00 PM',50,24),(5910,'March 04, 2021 - 07:32:00 PM',26,25),(5911,'March 04, 2021 - 07:32:00 PM',44,28),(5912,'March 04, 2021 - 07:32:00 PM',12,38),(5913,'March 04, 2021 - 07:32:00 PM',35,46),(5914,'March 04, 2021 - 07:32:00 PM',25,47),(5915,'March 04, 2021 - 07:32:00 PM',51,7),(5916,'March 04, 2021 - 07:32:00 PM',15,9),(5917,'March 04, 2021 - 07:32:00 PM',24,10),(5918,'March 04, 2021 - 07:32:00 PM',9,11),(5919,'March 04, 2021 - 07:32:00 PM',20,12),(5920,'March 04, 2021 - 07:32:00 PM',18,13),(5921,'March 04, 2021 - 07:32:00 PM',31,14),(5922,'March 04, 2021 - 07:32:00 PM',66,15),(5923,'March 04, 2021 - 07:32:00 PM',27,26),(5924,'March 04, 2021 - 07:32:00 PM',45,31),(5925,'March 04, 2021 - 07:32:00 PM',56,41),(5926,'March 04, 2021 - 07:32:00 PM',14,48),(5927,'March 04, 2021 - 07:32:00 PM',29,2),(5928,'March 04, 2021 - 07:32:00 PM',40,32),(5929,'March 04, 2021 - 07:32:00 PM',57,45),(5930,'March 04, 2021 - 07:32:00 PM',5,6),(5931,'March 04, 2021 - 07:32:00 PM',37,39),(5932,'March 04, 2021 - 07:32:00 PM',30,40),(5933,'March 04, 2021 - 07:32:00 PM',77,29),(6078,'March 05, 2021 - 01:09:00 PM',48,135),(6079,'March 05, 2021 - 01:09:00 PM',19,136),(6080,'March 05, 2021 - 01:09:00 PM',10,37),(6081,'March 05, 2021 - 01:09:00 PM',23,138),(6082,'March 05, 2021 - 01:09:00 PM',6,137),(6083,'March 05, 2021 - 01:09:00 PM',1,34),(6084,'March 05, 2021 - 01:09:00 PM',4,49),(6085,'March 05, 2021 - 01:09:00 PM',21,43),(6086,'March 05, 2021 - 01:09:00 PM',42,44),(6087,'March 05, 2021 - 01:09:00 PM',52,42),(6088,'March 05, 2021 - 01:09:00 PM',17,33),(6089,'March 05, 2021 - 01:09:00 PM',34,36),(6090,'March 05, 2021 - 01:09:00 PM',7,50),(6091,'March 05, 2021 - 01:09:00 PM',16,27),(6092,'March 05, 2021 - 01:09:00 PM',38,30),(6093,'March 05, 2021 - 01:09:00 PM',22,16),(6094,'March 05, 2021 - 01:09:00 PM',8,17),(6095,'March 05, 2021 - 01:09:00 PM',32,18),(6096,'March 05, 2021 - 01:09:00 PM',63,19),(6097,'March 05, 2021 - 01:09:00 PM',36,20),(6098,'March 05, 2021 - 01:09:00 PM',2,21),(6099,'March 05, 2021 - 01:09:00 PM',39,22),(6100,'March 05, 2021 - 01:09:00 PM',71,23),(6101,'March 05, 2021 - 01:09:00 PM',50,24),(6102,'March 05, 2021 - 01:09:00 PM',26,25),(6103,'March 05, 2021 - 01:09:00 PM',44,28),(6104,'March 05, 2021 - 01:09:00 PM',12,38),(6105,'March 05, 2021 - 01:09:00 PM',35,46),(6106,'March 05, 2021 - 01:09:00 PM',25,47),(6107,'March 05, 2021 - 01:09:00 PM',51,7),(6108,'March 05, 2021 - 01:09:00 PM',15,9),(6109,'March 05, 2021 - 01:09:00 PM',24,10),(6110,'March 05, 2021 - 01:09:00 PM',9,11),(6111,'March 05, 2021 - 01:09:00 PM',20,12),(6112,'March 05, 2021 - 01:09:00 PM',18,13),(6113,'March 05, 2021 - 01:09:00 PM',31,14),(6114,'March 05, 2021 - 01:09:00 PM',66,15),(6115,'March 05, 2021 - 01:09:00 PM',27,26),(6116,'March 05, 2021 - 01:09:00 PM',45,31),(6117,'March 05, 2021 - 01:09:00 PM',56,41),(6118,'March 05, 2021 - 01:09:00 PM',14,48),(6119,'March 05, 2021 - 01:09:00 PM',29,2),(6120,'March 05, 2021 - 01:09:00 PM',40,32),(6121,'March 05, 2021 - 01:09:00 PM',57,45),(6122,'March 05, 2021 - 01:09:00 PM',5,6),(6123,'March 05, 2021 - 01:09:00 PM',37,39),(6124,'March 05, 2021 - 01:09:00 PM',30,40),(6125,'March 05, 2021 - 01:09:00 PM',77,29),(6222,'March 09, 2021 - 07:18:00 PM',48,135),(6223,'March 09, 2021 - 07:18:00 PM',19,136),(6224,'March 09, 2021 - 07:18:00 PM',10,37),(6225,'March 09, 2021 - 07:18:00 PM',23,138),(6226,'March 09, 2021 - 07:18:00 PM',17,137),(6227,'March 09, 2021 - 07:18:00 PM',16,34),(6228,'March 09, 2021 - 07:18:00 PM',4,49),(6229,'March 09, 2021 - 07:18:00 PM',21,43),(6230,'March 09, 2021 - 07:18:00 PM',42,44),(6231,'March 09, 2021 - 07:18:00 PM',52,42),(6232,'March 09, 2021 - 07:18:00 PM',17,33),(6233,'March 09, 2021 - 07:18:00 PM',34,36),(6234,'March 09, 2021 - 07:18:00 PM',7,50),(6235,'March 09, 2021 - 07:18:00 PM',16,27),(6236,'March 09, 2021 - 07:18:00 PM',38,30),(6237,'March 09, 2021 - 07:18:00 PM',22,16),(6238,'March 09, 2021 - 07:18:00 PM',8,17),(6239,'March 09, 2021 - 07:18:00 PM',32,18),(6240,'March 09, 2021 - 07:18:00 PM',63,19),(6241,'March 09, 2021 - 07:18:00 PM',36,20),(6242,'March 09, 2021 - 07:18:00 PM',2,21),(6243,'March 09, 2021 - 07:18:00 PM',39,22),(6244,'March 09, 2021 - 07:18:00 PM',71,23),(6245,'March 09, 2021 - 07:18:00 PM',50,24),(6246,'March 09, 2021 - 07:18:00 PM',26,25),(6247,'March 09, 2021 - 07:18:00 PM',44,28),(6248,'March 09, 2021 - 07:18:00 PM',12,38),(6249,'March 09, 2021 - 07:18:00 PM',35,46),(6250,'March 09, 2021 - 07:18:00 PM',25,47),(6251,'March 09, 2021 - 07:18:00 PM',51,7),(6252,'March 09, 2021 - 07:18:00 PM',15,9),(6253,'March 09, 2021 - 07:18:00 PM',24,10),(6254,'March 09, 2021 - 07:18:00 PM',9,11),(6255,'March 09, 2021 - 07:18:00 PM',20,12),(6256,'March 09, 2021 - 07:18:00 PM',18,13),(6257,'March 09, 2021 - 07:18:00 PM',31,14),(6258,'March 09, 2021 - 07:18:00 PM',66,15),(6259,'March 09, 2021 - 07:18:00 PM',27,26),(6260,'March 09, 2021 - 07:18:00 PM',45,31),(6261,'March 09, 2021 - 07:18:00 PM',56,41),(6262,'March 09, 2021 - 07:18:00 PM',14,48),(6263,'March 09, 2021 - 07:18:00 PM',29,2),(6264,'March 09, 2021 - 07:18:00 PM',40,32),(6265,'March 09, 2021 - 07:18:00 PM',57,45),(6266,'March 09, 2021 - 07:18:00 PM',5,6),(6267,'March 09, 2021 - 07:18:00 PM',37,39),(6268,'March 09, 2021 - 07:18:00 PM',30,40),(6269,'March 09, 2021 - 07:18:00 PM',77,29),(6270,'March 09, 2021 - 07:23:00 PM',48,135),(6271,'March 09, 2021 - 07:23:00 PM',19,136),(6272,'March 09, 2021 - 07:23:00 PM',10,37),(6273,'March 09, 2021 - 07:23:00 PM',23,138),(6274,'March 09, 2021 - 07:23:00 PM',6,137),(6275,'March 09, 2021 - 07:23:00 PM',1,34),(6276,'March 09, 2021 - 07:23:00 PM',4,49),(6277,'March 09, 2021 - 07:23:00 PM',21,43),(6278,'March 09, 2021 - 07:23:00 PM',42,44),(6279,'March 09, 2021 - 07:23:00 PM',52,42),(6280,'March 09, 2021 - 07:23:00 PM',17,33),(6281,'March 09, 2021 - 07:23:00 PM',34,36),(6282,'March 09, 2021 - 07:23:00 PM',7,50),(6283,'March 09, 2021 - 07:23:00 PM',16,27),(6284,'March 09, 2021 - 07:23:00 PM',38,30),(6285,'March 09, 2021 - 07:23:00 PM',22,16),(6286,'March 09, 2021 - 07:23:00 PM',8,17),(6287,'March 09, 2021 - 07:23:00 PM',32,18),(6288,'March 09, 2021 - 07:23:00 PM',63,19),(6289,'March 09, 2021 - 07:23:00 PM',36,20),(6290,'March 09, 2021 - 07:23:00 PM',2,21),(6291,'March 09, 2021 - 07:23:00 PM',39,22),(6292,'March 09, 2021 - 07:23:00 PM',71,23),(6293,'March 09, 2021 - 07:23:00 PM',50,24),(6294,'March 09, 2021 - 07:23:00 PM',26,25),(6295,'March 09, 2021 - 07:23:00 PM',44,28),(6296,'March 09, 2021 - 07:23:00 PM',12,38),(6297,'March 09, 2021 - 07:23:00 PM',35,46),(6298,'March 09, 2021 - 07:23:00 PM',25,47),(6299,'March 09, 2021 - 07:23:00 PM',51,7),(6300,'March 09, 2021 - 07:23:00 PM',15,9),(6301,'March 09, 2021 - 07:23:00 PM',24,10),(6302,'March 09, 2021 - 07:23:00 PM',9,11),(6303,'March 09, 2021 - 07:23:00 PM',20,12),(6304,'March 09, 2021 - 07:23:00 PM',18,13),(6305,'March 09, 2021 - 07:23:00 PM',31,14),(6306,'March 09, 2021 - 07:23:00 PM',66,15),(6307,'March 09, 2021 - 07:23:00 PM',27,26),(6308,'March 09, 2021 - 07:23:00 PM',45,31),(6309,'March 09, 2021 - 07:23:00 PM',56,41),(6310,'March 09, 2021 - 07:23:00 PM',14,48),(6311,'March 09, 2021 - 07:23:00 PM',29,2),(6312,'March 09, 2021 - 07:23:00 PM',40,32),(6313,'March 09, 2021 - 07:23:00 PM',57,45),(6314,'March 09, 2021 - 07:23:00 PM',5,6),(6315,'March 09, 2021 - 07:23:00 PM',37,39),(6316,'March 09, 2021 - 07:23:00 PM',30,40),(6317,'March 09, 2021 - 07:23:00 PM',77,29),(6414,'March 09, 2021 - 07:24:00 PM',19,135),(6415,'March 09, 2021 - 07:24:00 PM',19,136),(6416,'March 09, 2021 - 07:24:00 PM',10,37),(6417,'March 09, 2021 - 07:24:00 PM',23,138),(6418,'March 09, 2021 - 07:24:00 PM',19,20),(6419,'March 09, 2021 - 07:24:00 PM',18,34),(6420,'March 09, 2021 - 07:24:00 PM',4,49),(6421,'March 09, 2021 - 07:24:00 PM',21,43),(6422,'March 09, 2021 - 07:24:00 PM',42,44),(6423,'March 09, 2021 - 07:24:00 PM',52,42),(6424,'March 09, 2021 - 07:24:00 PM',17,33),(6425,'March 09, 2021 - 07:24:00 PM',34,36),(6426,'March 09, 2021 - 07:24:00 PM',7,50),(6427,'March 09, 2021 - 07:24:00 PM',16,27),(6428,'March 09, 2021 - 07:24:00 PM',38,30),(6429,'March 09, 2021 - 07:24:00 PM',22,16),(6430,'March 09, 2021 - 07:24:00 PM',8,17),(6431,'March 09, 2021 - 07:24:00 PM',32,18),(6432,'March 09, 2021 - 07:24:00 PM',63,19),(6433,'March 09, 2021 - 07:24:00 PM',36,20),(6434,'March 09, 2021 - 07:24:00 PM',2,21),(6435,'March 09, 2021 - 07:24:00 PM',39,22),(6436,'March 09, 2021 - 07:24:00 PM',71,23),(6437,'March 09, 2021 - 07:24:00 PM',50,24),(6438,'March 09, 2021 - 07:24:00 PM',26,25),(6439,'March 09, 2021 - 07:24:00 PM',44,28),(6440,'March 09, 2021 - 07:24:00 PM',12,38),(6441,'March 09, 2021 - 07:24:00 PM',35,46),(6442,'March 09, 2021 - 07:24:00 PM',25,47),(6443,'March 09, 2021 - 07:24:00 PM',51,7),(6444,'March 09, 2021 - 07:24:00 PM',15,9),(6445,'March 09, 2021 - 07:24:00 PM',24,10),(6446,'March 09, 2021 - 07:24:00 PM',9,11),(6447,'March 09, 2021 - 07:24:00 PM',20,12),(6448,'March 09, 2021 - 07:24:00 PM',18,13),(6449,'March 09, 2021 - 07:24:00 PM',31,14),(6450,'March 09, 2021 - 07:24:00 PM',66,15),(6451,'March 09, 2021 - 07:24:00 PM',27,26),(6452,'March 09, 2021 - 07:24:00 PM',45,31),(6453,'March 09, 2021 - 07:24:00 PM',56,41),(6454,'March 09, 2021 - 07:24:00 PM',14,48),(6455,'March 09, 2021 - 07:24:00 PM',29,2),(6456,'March 09, 2021 - 07:24:00 PM',40,32),(6457,'March 09, 2021 - 07:24:00 PM',57,45),(6458,'March 09, 2021 - 07:24:00 PM',5,6),(6459,'March 09, 2021 - 07:24:00 PM',37,39),(6460,'March 09, 2021 - 07:24:00 PM',30,40),(6461,'March 09, 2021 - 07:24:00 PM',77,29),(6558,'March 09, 2021 - 07:32:00 PM',48,135),(6559,'March 09, 2021 - 07:32:00 PM',19,136),(6560,'March 09, 2021 - 07:32:00 PM',10,37),(6561,'March 09, 2021 - 07:32:00 PM',23,138),(6562,'March 09, 2021 - 07:32:00 PM',6,137),(6563,'March 09, 2021 - 07:32:00 PM',1,34),(6564,'March 09, 2021 - 07:32:00 PM',4,49),(6565,'March 09, 2021 - 07:32:00 PM',21,43),(6566,'March 09, 2021 - 07:32:00 PM',42,44),(6567,'March 09, 2021 - 07:32:00 PM',52,42),(6568,'March 09, 2021 - 07:32:00 PM',17,33),(6569,'March 09, 2021 - 07:32:00 PM',34,36),(6570,'March 09, 2021 - 07:32:00 PM',7,50),(6571,'March 09, 2021 - 07:32:00 PM',16,27),(6572,'March 09, 2021 - 07:32:00 PM',38,30),(6573,'March 09, 2021 - 07:32:00 PM',18,16),(6574,'March 09, 2021 - 07:32:00 PM',8,17),(6575,'March 09, 2021 - 07:32:00 PM',32,18),(6576,'March 09, 2021 - 07:32:00 PM',63,19),(6577,'March 09, 2021 - 07:32:00 PM',36,20),(6578,'March 09, 2021 - 07:32:00 PM',2,21),(6579,'March 09, 2021 - 07:32:00 PM',39,22),(6580,'March 09, 2021 - 07:32:00 PM',71,23),(6581,'March 09, 2021 - 07:32:00 PM',50,24),(6582,'March 09, 2021 - 07:32:00 PM',26,25),(6583,'March 09, 2021 - 07:32:00 PM',44,28),(6584,'March 09, 2021 - 07:32:00 PM',12,38),(6585,'March 09, 2021 - 07:32:00 PM',35,46),(6586,'March 09, 2021 - 07:32:00 PM',25,47),(6587,'March 09, 2021 - 07:32:00 PM',51,7),(6588,'March 09, 2021 - 07:32:00 PM',15,9),(6589,'March 09, 2021 - 07:32:00 PM',24,10),(6590,'March 09, 2021 - 07:32:00 PM',9,11),(6591,'March 09, 2021 - 07:32:00 PM',20,12),(6592,'March 09, 2021 - 07:32:00 PM',18,13),(6593,'March 09, 2021 - 07:32:00 PM',31,14),(6594,'March 09, 2021 - 07:32:00 PM',66,15),(6595,'March 09, 2021 - 07:32:00 PM',27,26),(6596,'March 09, 2021 - 07:32:00 PM',45,31),(6597,'March 09, 2021 - 07:32:00 PM',56,41),(6598,'March 09, 2021 - 07:32:00 PM',14,48),(6599,'March 09, 2021 - 07:32:00 PM',29,2),(6600,'March 09, 2021 - 07:32:00 PM',40,32),(6601,'March 09, 2021 - 07:32:00 PM',57,45),(6602,'March 09, 2021 - 07:32:00 PM',5,6),(6603,'March 09, 2021 - 07:32:00 PM',37,39),(6604,'March 09, 2021 - 07:32:00 PM',30,40),(6605,'March 09, 2021 - 07:32:00 PM',77,29),(6990,'March 09, 2021 - 07:33:00 PM',16,135),(6991,'March 09, 2021 - 07:33:00 PM',19,136),(6992,'March 09, 2021 - 07:33:00 PM',10,37),(6993,'March 09, 2021 - 07:33:00 PM',23,138),(6994,'March 09, 2021 - 07:33:00 PM',14,137),(6995,'March 09, 2021 - 07:33:00 PM',17,34),(6996,'March 09, 2021 - 07:33:00 PM',4,49),(6997,'March 09, 2021 - 07:33:00 PM',21,43),(6998,'March 09, 2021 - 07:33:00 PM',42,44),(6999,'March 09, 2021 - 07:33:00 PM',52,42),(7000,'March 09, 2021 - 07:33:00 PM',17,33),(7001,'March 09, 2021 - 07:33:00 PM',34,36),(7002,'March 09, 2021 - 07:33:00 PM',7,50),(7003,'March 09, 2021 - 07:33:00 PM',16,27),(7004,'March 09, 2021 - 07:33:00 PM',38,30),(7005,'March 09, 2021 - 07:33:00 PM',22,16),(7006,'March 09, 2021 - 07:33:00 PM',8,17),(7007,'March 09, 2021 - 07:33:00 PM',32,18),(7008,'March 09, 2021 - 07:33:00 PM',63,19),(7009,'March 09, 2021 - 07:33:00 PM',36,20),(7010,'March 09, 2021 - 07:33:00 PM',2,21),(7011,'March 09, 2021 - 07:33:00 PM',39,22),(7012,'March 09, 2021 - 07:33:00 PM',71,23),(7013,'March 09, 2021 - 07:33:00 PM',50,24),(7014,'March 09, 2021 - 07:33:00 PM',26,25),(7015,'March 09, 2021 - 07:33:00 PM',44,28),(7016,'March 09, 2021 - 07:33:00 PM',2,38),(7017,'March 09, 2021 - 07:33:00 PM',35,46),(7018,'March 09, 2021 - 07:33:00 PM',25,47),(7019,'March 09, 2021 - 07:33:00 PM',51,7),(7020,'March 09, 2021 - 07:33:00 PM',15,9),(7021,'March 09, 2021 - 07:33:00 PM',24,10),(7022,'March 09, 2021 - 07:33:00 PM',9,11),(7023,'March 09, 2021 - 07:33:00 PM',20,12),(7024,'March 09, 2021 - 07:33:00 PM',18,13),(7025,'March 09, 2021 - 07:33:00 PM',31,14),(7026,'March 09, 2021 - 07:33:00 PM',66,15),(7027,'March 09, 2021 - 07:33:00 PM',27,26),(7028,'March 09, 2021 - 07:33:00 PM',45,31),(7029,'March 09, 2021 - 07:33:00 PM',56,41),(7030,'March 09, 2021 - 07:33:00 PM',14,48),(7031,'March 09, 2021 - 07:33:00 PM',29,2),(7032,'March 09, 2021 - 07:33:00 PM',40,32),(7033,'March 09, 2021 - 07:33:00 PM',57,45),(7034,'March 09, 2021 - 07:33:00 PM',5,6),(7035,'March 09, 2021 - 07:33:00 PM',37,39),(7036,'March 09, 2021 - 07:33:00 PM',30,40),(7037,'March 09, 2021 - 07:33:00 PM',77,29),(7230,'March 09, 2021 - 07:55:00 PM',18,135),(7231,'March 09, 2021 - 07:55:00 PM',19,136),(7232,'March 09, 2021 - 07:55:00 PM',10,37),(7233,'March 09, 2021 - 07:55:00 PM',23,138),(7234,'March 09, 2021 - 07:55:00 PM',18,137),(7235,'March 09, 2021 - 07:55:00 PM',18,34),(7236,'March 09, 2021 - 07:55:00 PM',4,49),(7237,'March 09, 2021 - 07:55:00 PM',21,43),(7238,'March 09, 2021 - 07:55:00 PM',42,44),(7239,'March 09, 2021 - 07:55:00 PM',52,42),(7240,'March 09, 2021 - 07:55:00 PM',17,33),(7241,'March 09, 2021 - 07:55:00 PM',34,36),(7242,'March 09, 2021 - 07:55:00 PM',7,50),(7243,'March 09, 2021 - 07:55:00 PM',16,27),(7244,'March 09, 2021 - 07:55:00 PM',38,30),(7245,'March 09, 2021 - 07:55:00 PM',22,16),(7246,'March 09, 2021 - 07:55:00 PM',8,17),(7247,'March 09, 2021 - 07:55:00 PM',32,18),(7248,'March 09, 2021 - 07:55:00 PM',63,19),(7249,'March 09, 2021 - 07:55:00 PM',36,20),(7250,'March 09, 2021 - 07:55:00 PM',2,21),(7251,'March 09, 2021 - 07:55:00 PM',39,22),(7252,'March 09, 2021 - 07:55:00 PM',71,23),(7253,'March 09, 2021 - 07:55:00 PM',50,24),(7254,'March 09, 2021 - 07:55:00 PM',26,25),(7255,'March 09, 2021 - 07:55:00 PM',44,28),(7256,'March 09, 2021 - 07:55:00 PM',12,38),(7257,'March 09, 2021 - 07:55:00 PM',35,46),(7258,'March 09, 2021 - 07:55:00 PM',25,47),(7259,'March 09, 2021 - 07:55:00 PM',51,7),(7260,'March 09, 2021 - 07:55:00 PM',15,9),(7261,'March 09, 2021 - 07:55:00 PM',24,10),(7262,'March 09, 2021 - 07:55:00 PM',9,11),(7263,'March 09, 2021 - 07:55:00 PM',20,12),(7264,'March 09, 2021 - 07:55:00 PM',18,13),(7265,'March 09, 2021 - 07:55:00 PM',31,14),(7266,'March 09, 2021 - 07:55:00 PM',66,15),(7267,'March 09, 2021 - 07:55:00 PM',27,26),(7268,'March 09, 2021 - 07:55:00 PM',45,31),(7269,'March 09, 2021 - 07:55:00 PM',56,41),(7270,'March 09, 2021 - 07:55:00 PM',14,48),(7271,'March 09, 2021 - 07:55:00 PM',29,2),(7272,'March 09, 2021 - 07:55:00 PM',40,32),(7273,'March 09, 2021 - 07:55:00 PM',57,45),(7274,'March 09, 2021 - 07:55:00 PM',5,6),(7275,'March 09, 2021 - 07:55:00 PM',37,39),(7276,'March 09, 2021 - 07:55:00 PM',30,40),(7277,'March 09, 2021 - 07:55:00 PM',77,29),(7326,'March 09, 2021 - 09:25:00 PM',48,135),(7327,'March 09, 2021 - 09:25:00 PM',19,136),(7328,'March 09, 2021 - 09:25:00 PM',10,37),(7329,'March 09, 2021 - 09:25:00 PM',23,138),(7330,'March 09, 2021 - 09:25:00 PM',16,137),(7331,'March 09, 2021 - 09:25:00 PM',17,34),(7332,'March 09, 2021 - 09:25:00 PM',4,49),(7333,'March 09, 2021 - 09:25:00 PM',21,43),(7334,'March 09, 2021 - 09:25:00 PM',42,44),(7335,'March 09, 2021 - 09:25:00 PM',52,42),(7336,'March 09, 2021 - 09:25:00 PM',17,33),(7337,'March 09, 2021 - 09:25:00 PM',34,36),(7338,'March 09, 2021 - 09:25:00 PM',7,50),(7339,'March 09, 2021 - 09:25:00 PM',16,27),(7340,'March 09, 2021 - 09:25:00 PM',38,30),(7341,'March 09, 2021 - 09:25:00 PM',22,16),(7342,'March 09, 2021 - 09:25:00 PM',8,17),(7343,'March 09, 2021 - 09:25:00 PM',32,18),(7344,'March 09, 2021 - 09:25:00 PM',63,19),(7345,'March 09, 2021 - 09:25:00 PM',36,20),(7346,'March 09, 2021 - 09:25:00 PM',2,21),(7347,'March 09, 2021 - 09:25:00 PM',39,22),(7348,'March 09, 2021 - 09:25:00 PM',71,23),(7349,'March 09, 2021 - 09:25:00 PM',50,24),(7350,'March 09, 2021 - 09:25:00 PM',26,25),(7351,'March 09, 2021 - 09:25:00 PM',44,28),(7352,'March 09, 2021 - 09:25:00 PM',12,38),(7353,'March 09, 2021 - 09:25:00 PM',35,46),(7354,'March 09, 2021 - 09:25:00 PM',25,47),(7355,'March 09, 2021 - 09:25:00 PM',51,7),(7356,'March 09, 2021 - 09:25:00 PM',15,9),(7357,'March 09, 2021 - 09:25:00 PM',24,10),(7358,'March 09, 2021 - 09:25:00 PM',9,11),(7359,'March 09, 2021 - 09:25:00 PM',20,12),(7360,'March 09, 2021 - 09:25:00 PM',18,13),(7361,'March 09, 2021 - 09:25:00 PM',31,14),(7362,'March 09, 2021 - 09:25:00 PM',66,15),(7363,'March 09, 2021 - 09:25:00 PM',27,26),(7364,'March 09, 2021 - 09:25:00 PM',45,31),(7365,'March 09, 2021 - 09:25:00 PM',56,41),(7366,'March 09, 2021 - 09:25:00 PM',14,48),(7367,'March 09, 2021 - 09:25:00 PM',29,2),(7368,'March 09, 2021 - 09:25:00 PM',40,32),(7369,'March 09, 2021 - 09:25:00 PM',57,45),(7370,'March 09, 2021 - 09:25:00 PM',5,6),(7371,'March 09, 2021 - 09:25:00 PM',37,39),(7372,'March 09, 2021 - 09:25:00 PM',30,40),(7373,'March 09, 2021 - 09:25:00 PM',77,29),(7422,'March 09, 2021 - 10:43:00 PM',48,135),(7423,'March 09, 2021 - 10:43:00 PM',19,136),(7424,'March 09, 2021 - 10:43:00 PM',10,37),(7425,'March 09, 2021 - 10:43:00 PM',23,138),(7426,'March 09, 2021 - 10:43:00 PM',30,137),(7427,'March 09, 2021 - 10:43:00 PM',1,34),(7428,'March 09, 2021 - 10:43:00 PM',4,49),(7429,'March 09, 2021 - 10:43:00 PM',21,43),(7430,'March 09, 2021 - 10:43:00 PM',42,44),(7431,'March 09, 2021 - 10:43:00 PM',52,42),(7432,'March 09, 2021 - 10:43:00 PM',17,33),(7433,'March 09, 2021 - 10:43:00 PM',34,36),(7434,'March 09, 2021 - 10:43:00 PM',7,50),(7435,'March 09, 2021 - 10:43:00 PM',16,27),(7436,'March 09, 2021 - 10:43:00 PM',38,30),(7437,'March 09, 2021 - 10:43:00 PM',22,16),(7438,'March 09, 2021 - 10:43:00 PM',8,17),(7439,'March 09, 2021 - 10:43:00 PM',32,18),(7440,'March 09, 2021 - 10:43:00 PM',63,19),(7441,'March 09, 2021 - 10:43:00 PM',36,20),(7442,'March 09, 2021 - 10:43:00 PM',2,21),(7443,'March 09, 2021 - 10:43:00 PM',39,22),(7444,'March 09, 2021 - 10:43:00 PM',71,23),(7445,'March 09, 2021 - 10:43:00 PM',50,24),(7446,'March 09, 2021 - 10:43:00 PM',26,25),(7447,'March 09, 2021 - 10:43:00 PM',44,28),(7448,'March 09, 2021 - 10:43:00 PM',12,38),(7449,'March 09, 2021 - 10:43:00 PM',35,46),(7450,'March 09, 2021 - 10:43:00 PM',25,47),(7451,'March 09, 2021 - 10:43:00 PM',51,7),(7452,'March 09, 2021 - 10:43:00 PM',15,9),(7453,'March 09, 2021 - 10:43:00 PM',24,10),(7454,'March 09, 2021 - 10:43:00 PM',9,11),(7455,'March 09, 2021 - 10:43:00 PM',20,12),(7456,'March 09, 2021 - 10:43:00 PM',18,13),(7457,'March 09, 2021 - 10:43:00 PM',31,14),(7458,'March 09, 2021 - 10:43:00 PM',66,15),(7459,'March 09, 2021 - 10:43:00 PM',27,26),(7460,'March 09, 2021 - 10:43:00 PM',45,31),(7461,'March 09, 2021 - 10:43:00 PM',56,41),(7462,'March 09, 2021 - 10:43:00 PM',14,48),(7463,'March 09, 2021 - 10:43:00 PM',29,2),(7464,'March 09, 2021 - 10:43:00 PM',40,32),(7465,'March 09, 2021 - 10:43:00 PM',57,45),(7466,'March 09, 2021 - 10:43:00 PM',5,6),(7467,'March 09, 2021 - 10:43:00 PM',37,39),(7468,'March 09, 2021 - 10:43:00 PM',30,40),(7469,'March 09, 2021 - 10:43:00 PM',77,29),(7470,'March 09, 2021 - 11:22:00 PM',48,135),(7471,'March 09, 2021 - 11:22:00 PM',19,136),(7472,'March 09, 2021 - 11:22:00 PM',10,37),(7473,'March 09, 2021 - 11:22:00 PM',21,138),(7474,'March 09, 2021 - 11:22:00 PM',6,137),(7475,'March 09, 2021 - 11:22:00 PM',1,34),(7476,'March 09, 2021 - 11:22:00 PM',4,49),(7477,'March 09, 2021 - 11:22:00 PM',21,43),(7478,'March 09, 2021 - 11:22:00 PM',42,44),(7479,'March 09, 2021 - 11:22:00 PM',52,42),(7480,'March 09, 2021 - 11:22:00 PM',17,33),(7481,'March 09, 2021 - 11:22:00 PM',34,36),(7482,'March 09, 2021 - 11:22:00 PM',7,50),(7483,'March 09, 2021 - 11:22:00 PM',16,27),(7484,'March 09, 2021 - 11:22:00 PM',38,30),(7485,'March 09, 2021 - 11:22:00 PM',22,16),(7486,'March 09, 2021 - 11:22:00 PM',8,17),(7487,'March 09, 2021 - 11:22:00 PM',32,18),(7488,'March 09, 2021 - 11:22:00 PM',63,19),(7489,'March 09, 2021 - 11:22:00 PM',36,20),(7490,'March 09, 2021 - 11:22:00 PM',2,21),(7491,'March 09, 2021 - 11:22:00 PM',39,22),(7492,'March 09, 2021 - 11:22:00 PM',71,23),(7493,'March 09, 2021 - 11:22:00 PM',50,24),(7494,'March 09, 2021 - 11:22:00 PM',26,25),(7495,'March 09, 2021 - 11:22:00 PM',44,28),(7496,'March 09, 2021 - 11:22:00 PM',12,38),(7497,'March 09, 2021 - 11:22:00 PM',35,46),(7498,'March 09, 2021 - 11:22:00 PM',25,47),(7499,'March 09, 2021 - 11:22:00 PM',51,7),(7500,'March 09, 2021 - 11:22:00 PM',15,9),(7501,'March 09, 2021 - 11:22:00 PM',24,10),(7502,'March 09, 2021 - 11:22:00 PM',9,11),(7503,'March 09, 2021 - 11:22:00 PM',20,12),(7504,'March 09, 2021 - 11:22:00 PM',18,13),(7505,'March 09, 2021 - 11:22:00 PM',31,14),(7506,'March 09, 2021 - 11:22:00 PM',66,15),(7507,'March 09, 2021 - 11:22:00 PM',27,26),(7508,'March 09, 2021 - 11:22:00 PM',45,31),(7509,'March 09, 2021 - 11:22:00 PM',56,41),(7510,'March 09, 2021 - 11:22:00 PM',14,48),(7511,'March 09, 2021 - 11:22:00 PM',29,2),(7512,'March 09, 2021 - 11:22:00 PM',40,32),(7513,'March 09, 2021 - 11:22:00 PM',57,45),(7514,'March 09, 2021 - 11:22:00 PM',5,6),(7515,'March 09, 2021 - 11:22:00 PM',37,39),(7516,'March 09, 2021 - 11:22:00 PM',30,40),(7517,'March 09, 2021 - 11:22:00 PM',77,29),(7566,'March 09, 2021 - 11:37:00 PM',48,135),(7567,'March 09, 2021 - 11:37:00 PM',19,136),(7568,'March 09, 2021 - 11:37:00 PM',10,37),(7569,'March 09, 2021 - 11:37:00 PM',23,138),(7570,'March 09, 2021 - 11:37:00 PM',6,137),(7571,'March 09, 2021 - 11:37:00 PM',1,34),(7572,'March 09, 2021 - 11:37:00 PM',4,49),(7573,'March 09, 2021 - 11:37:00 PM',21,43),(7574,'March 09, 2021 - 11:37:00 PM',42,44),(7575,'March 09, 2021 - 11:37:00 PM',52,42),(7576,'March 09, 2021 - 11:37:00 PM',17,33),(7577,'March 09, 2021 - 11:37:00 PM',34,36),(7578,'March 09, 2021 - 11:37:00 PM',7,50),(7579,'March 09, 2021 - 11:37:00 PM',16,27),(7580,'March 09, 2021 - 11:37:00 PM',38,30),(7581,'March 09, 2021 - 11:37:00 PM',22,16),(7582,'March 09, 2021 - 11:37:00 PM',8,17),(7583,'March 09, 2021 - 11:37:00 PM',32,18),(7584,'March 09, 2021 - 11:37:00 PM',63,19),(7585,'March 09, 2021 - 11:37:00 PM',36,20),(7586,'March 09, 2021 - 11:37:00 PM',2,21),(7587,'March 09, 2021 - 11:37:00 PM',39,22),(7588,'March 09, 2021 - 11:37:00 PM',71,23),(7589,'March 09, 2021 - 11:37:00 PM',50,24),(7590,'March 09, 2021 - 11:37:00 PM',26,25),(7591,'March 09, 2021 - 11:37:00 PM',44,28),(7592,'March 09, 2021 - 11:37:00 PM',12,38),(7593,'March 09, 2021 - 11:37:00 PM',35,46),(7594,'March 09, 2021 - 11:37:00 PM',25,47),(7595,'March 09, 2021 - 11:37:00 PM',51,7),(7596,'March 09, 2021 - 11:37:00 PM',15,9),(7597,'March 09, 2021 - 11:37:00 PM',24,10),(7598,'March 09, 2021 - 11:37:00 PM',9,11),(7599,'March 09, 2021 - 11:37:00 PM',20,12),(7600,'March 09, 2021 - 11:37:00 PM',18,13),(7601,'March 09, 2021 - 11:37:00 PM',31,14),(7602,'March 09, 2021 - 11:37:00 PM',66,15),(7603,'March 09, 2021 - 11:37:00 PM',27,26),(7604,'March 09, 2021 - 11:37:00 PM',45,31),(7605,'March 09, 2021 - 11:37:00 PM',56,41),(7606,'March 09, 2021 - 11:37:00 PM',14,48),(7607,'March 09, 2021 - 11:37:00 PM',29,2),(7608,'March 09, 2021 - 11:37:00 PM',40,32),(7609,'March 09, 2021 - 11:37:00 PM',57,45),(7610,'March 09, 2021 - 11:37:00 PM',5,6),(7611,'March 09, 2021 - 11:37:00 PM',37,39),(7612,'March 09, 2021 - 11:37:00 PM',30,40),(7613,'March 09, 2021 - 11:37:00 PM',77,29),(7710,'March 10, 2021 - 12:15:00 AM',15,2),(7711,'March 10, 2021 - 12:15:00 AM',19,136),(7712,'March 10, 2021 - 12:15:00 AM',10,37),(7713,'March 10, 2021 - 12:15:00 AM',23,138),(7714,'March 10, 2021 - 12:15:00 AM',6,137),(7715,'March 10, 2021 - 12:15:00 AM',1,34),(7716,'March 10, 2021 - 12:15:00 AM',4,49),(7717,'March 10, 2021 - 12:15:00 AM',21,43),(7718,'March 10, 2021 - 12:15:00 AM',42,44),(7719,'March 10, 2021 - 12:15:00 AM',52,42),(7720,'March 10, 2021 - 12:15:00 AM',17,33),(7721,'March 10, 2021 - 12:15:00 AM',34,36),(7722,'March 10, 2021 - 12:15:00 AM',7,50),(7723,'March 10, 2021 - 12:15:00 AM',16,27),(7724,'March 10, 2021 - 12:15:00 AM',38,30),(7725,'March 10, 2021 - 12:15:00 AM',22,16),(7726,'March 10, 2021 - 12:15:00 AM',8,17),(7727,'March 10, 2021 - 12:15:00 AM',32,18),(7728,'March 10, 2021 - 12:15:00 AM',63,19),(7729,'March 10, 2021 - 12:15:00 AM',36,20),(7730,'March 10, 2021 - 12:15:00 AM',2,21),(7731,'March 10, 2021 - 12:15:00 AM',39,22),(7732,'March 10, 2021 - 12:15:00 AM',71,23),(7733,'March 10, 2021 - 12:15:00 AM',50,24),(7734,'March 10, 2021 - 12:15:00 AM',26,25),(7735,'March 10, 2021 - 12:15:00 AM',44,28),(7736,'March 10, 2021 - 12:15:00 AM',12,38),(7737,'March 10, 2021 - 12:15:00 AM',35,46),(7738,'March 10, 2021 - 12:15:00 AM',25,47),(7739,'March 10, 2021 - 12:15:00 AM',51,7),(7740,'March 10, 2021 - 12:15:00 AM',15,9),(7741,'March 10, 2021 - 12:15:00 AM',24,10),(7742,'March 10, 2021 - 12:15:00 AM',9,11),(7743,'March 10, 2021 - 12:15:00 AM',20,12),(7744,'March 10, 2021 - 12:15:00 AM',18,13),(7745,'March 10, 2021 - 12:15:00 AM',31,14),(7746,'March 10, 2021 - 12:15:00 AM',66,15),(7747,'March 10, 2021 - 12:15:00 AM',27,26),(7748,'March 10, 2021 - 12:15:00 AM',45,31),(7749,'March 10, 2021 - 12:15:00 AM',56,41),(7750,'March 10, 2021 - 12:15:00 AM',14,48),(7751,'March 10, 2021 - 12:15:00 AM',29,2),(7752,'March 10, 2021 - 12:15:00 AM',40,32),(7753,'March 10, 2021 - 12:15:00 AM',57,45),(7754,'March 10, 2021 - 12:15:00 AM',5,6),(7755,'March 10, 2021 - 12:15:00 AM',37,39),(7756,'March 10, 2021 - 12:15:00 AM',30,40),(7757,'March 10, 2021 - 12:15:00 AM',77,29),(7758,'March 10, 2021 - 12:19:00 AM',22,135),(7759,'March 10, 2021 - 12:19:00 AM',19,136),(7760,'March 10, 2021 - 12:19:00 AM',10,37),(7761,'March 10, 2021 - 12:19:00 AM',23,138),(7762,'March 10, 2021 - 12:19:00 AM',6,137),(7763,'March 10, 2021 - 12:19:00 AM',1,34),(7764,'March 10, 2021 - 12:19:00 AM',4,49),(7765,'March 10, 2021 - 12:19:00 AM',21,43),(7766,'March 10, 2021 - 12:19:00 AM',42,44),(7767,'March 10, 2021 - 12:19:00 AM',52,42),(7768,'March 10, 2021 - 12:19:00 AM',17,33),(7769,'March 10, 2021 - 12:19:00 AM',34,36),(7770,'March 10, 2021 - 12:19:00 AM',7,50),(7771,'March 10, 2021 - 12:19:00 AM',16,27),(7772,'March 10, 2021 - 12:19:00 AM',38,30),(7773,'March 10, 2021 - 12:19:00 AM',22,16),(7774,'March 10, 2021 - 12:19:00 AM',8,17),(7775,'March 10, 2021 - 12:19:00 AM',32,18),(7776,'March 10, 2021 - 12:19:00 AM',63,19),(7777,'March 10, 2021 - 12:19:00 AM',36,20),(7778,'March 10, 2021 - 12:19:00 AM',2,21),(7779,'March 10, 2021 - 12:19:00 AM',39,22),(7780,'March 10, 2021 - 12:19:00 AM',71,23),(7781,'March 10, 2021 - 12:19:00 AM',50,24),(7782,'March 10, 2021 - 12:19:00 AM',26,25),(7783,'March 10, 2021 - 12:19:00 AM',44,28),(7784,'March 10, 2021 - 12:19:00 AM',12,38),(7785,'March 10, 2021 - 12:19:00 AM',35,46),(7786,'March 10, 2021 - 12:19:00 AM',25,47),(7787,'March 10, 2021 - 12:19:00 AM',51,7),(7788,'March 10, 2021 - 12:19:00 AM',15,9),(7789,'March 10, 2021 - 12:19:00 AM',24,10),(7790,'March 10, 2021 - 12:19:00 AM',9,11),(7791,'March 10, 2021 - 12:19:00 AM',20,12),(7792,'March 10, 2021 - 12:19:00 AM',18,13),(7793,'March 10, 2021 - 12:19:00 AM',31,14),(7794,'March 10, 2021 - 12:19:00 AM',66,15),(7795,'March 10, 2021 - 12:19:00 AM',27,26),(7796,'March 10, 2021 - 12:19:00 AM',45,31),(7797,'March 10, 2021 - 12:19:00 AM',56,41),(7798,'March 10, 2021 - 12:19:00 AM',14,48),(7799,'March 10, 2021 - 12:19:00 AM',29,2),(7800,'March 10, 2021 - 12:19:00 AM',40,32),(7801,'March 10, 2021 - 12:19:00 AM',57,45),(7802,'March 10, 2021 - 12:19:00 AM',5,6),(7803,'March 10, 2021 - 12:19:00 AM',37,39),(7804,'March 10, 2021 - 12:19:00 AM',30,40),(7805,'March 10, 2021 - 12:19:00 AM',77,29),(7902,'March 10, 2021 - 12:21:00 AM',35,135),(7903,'March 10, 2021 - 12:21:00 AM',19,136),(7904,'March 10, 2021 - 12:21:00 AM',10,37),(7905,'March 10, 2021 - 12:21:00 AM',23,138),(7906,'March 10, 2021 - 12:21:00 AM',6,137),(7907,'March 10, 2021 - 12:21:00 AM',20,34),(7908,'March 10, 2021 - 12:21:00 AM',4,49),(7909,'March 10, 2021 - 12:21:00 AM',21,43),(7910,'March 10, 2021 - 12:21:00 AM',42,44),(7911,'March 10, 2021 - 12:21:00 AM',52,42),(7912,'March 10, 2021 - 12:21:00 AM',17,33),(7913,'March 10, 2021 - 12:21:00 AM',34,36),(7914,'March 10, 2021 - 12:21:00 AM',7,50),(7915,'March 10, 2021 - 12:21:00 AM',16,27),(7916,'March 10, 2021 - 12:21:00 AM',38,30),(7917,'March 10, 2021 - 12:21:00 AM',22,16),(7918,'March 10, 2021 - 12:21:00 AM',8,17),(7919,'March 10, 2021 - 12:21:00 AM',32,18),(7920,'March 10, 2021 - 12:21:00 AM',63,19),(7921,'March 10, 2021 - 12:21:00 AM',36,20),(7922,'March 10, 2021 - 12:21:00 AM',2,21),(7923,'March 10, 2021 - 12:21:00 AM',39,22),(7924,'March 10, 2021 - 12:21:00 AM',71,23),(7925,'March 10, 2021 - 12:21:00 AM',50,24),(7926,'March 10, 2021 - 12:21:00 AM',26,25),(7927,'March 10, 2021 - 12:21:00 AM',44,28),(7928,'March 10, 2021 - 12:21:00 AM',12,38),(7929,'March 10, 2021 - 12:21:00 AM',35,46),(7930,'March 10, 2021 - 12:21:00 AM',25,47),(7931,'March 10, 2021 - 12:21:00 AM',51,7),(7932,'March 10, 2021 - 12:21:00 AM',15,9),(7933,'March 10, 2021 - 12:21:00 AM',24,10),(7934,'March 10, 2021 - 12:21:00 AM',9,11),(7935,'March 10, 2021 - 12:21:00 AM',20,12),(7936,'March 10, 2021 - 12:21:00 AM',18,13),(7937,'March 10, 2021 - 12:21:00 AM',31,14),(7938,'March 10, 2021 - 12:21:00 AM',66,15),(7939,'March 10, 2021 - 12:21:00 AM',27,26),(7940,'March 10, 2021 - 12:21:00 AM',45,31),(7941,'March 10, 2021 - 12:21:00 AM',56,41),(7942,'March 10, 2021 - 12:21:00 AM',14,48),(7943,'March 10, 2021 - 12:21:00 AM',29,2),(7944,'March 10, 2021 - 12:21:00 AM',40,32),(7945,'March 10, 2021 - 12:21:00 AM',57,45),(7946,'March 10, 2021 - 12:21:00 AM',5,6),(7947,'March 10, 2021 - 12:21:00 AM',37,39),(7948,'March 10, 2021 - 12:21:00 AM',30,40),(7949,'March 10, 2021 - 12:21:00 AM',77,29),(7998,'March 10, 2021 - 02:14:00 PM',48,135),(7999,'March 10, 2021 - 02:14:00 PM',19,136),(8000,'March 10, 2021 - 02:14:00 PM',10,37),(8001,'March 10, 2021 - 02:14:00 PM',23,138),(8002,'March 10, 2021 - 02:14:00 PM',6,137),(8003,'March 10, 2021 - 02:14:00 PM',1,34),(8004,'March 10, 2021 - 02:14:00 PM',4,49),(8005,'March 10, 2021 - 02:14:00 PM',21,43),(8006,'March 10, 2021 - 02:14:00 PM',42,44),(8007,'March 10, 2021 - 02:14:00 PM',52,42),(8008,'March 10, 2021 - 02:14:00 PM',17,33),(8009,'March 10, 2021 - 02:14:00 PM',34,36),(8010,'March 10, 2021 - 02:14:00 PM',7,50),(8011,'March 10, 2021 - 02:14:00 PM',16,27),(8012,'March 10, 2021 - 02:14:00 PM',38,30),(8013,'March 10, 2021 - 02:14:00 PM',22,16),(8014,'March 10, 2021 - 02:14:00 PM',8,17),(8015,'March 10, 2021 - 02:14:00 PM',32,18),(8016,'March 10, 2021 - 02:14:00 PM',63,19),(8017,'March 10, 2021 - 02:14:00 PM',36,20),(8018,'March 10, 2021 - 02:14:00 PM',2,21),(8019,'March 10, 2021 - 02:14:00 PM',39,22),(8020,'March 10, 2021 - 02:14:00 PM',71,23),(8021,'March 10, 2021 - 02:14:00 PM',50,24),(8022,'March 10, 2021 - 02:14:00 PM',26,25),(8023,'March 10, 2021 - 02:14:00 PM',44,28),(8024,'March 10, 2021 - 02:14:00 PM',12,38),(8025,'March 10, 2021 - 02:14:00 PM',35,46),(8026,'March 10, 2021 - 02:14:00 PM',25,47),(8027,'March 10, 2021 - 02:14:00 PM',51,7),(8028,'March 10, 2021 - 02:14:00 PM',15,9),(8029,'March 10, 2021 - 02:14:00 PM',24,10),(8030,'March 10, 2021 - 02:14:00 PM',9,11),(8031,'March 10, 2021 - 02:14:00 PM',20,12),(8032,'March 10, 2021 - 02:14:00 PM',18,13),(8033,'March 10, 2021 - 02:14:00 PM',31,14),(8034,'March 10, 2021 - 02:14:00 PM',66,15),(8035,'March 10, 2021 - 02:14:00 PM',27,26),(8036,'March 10, 2021 - 02:14:00 PM',45,31),(8037,'March 10, 2021 - 02:14:00 PM',56,41),(8038,'March 10, 2021 - 02:14:00 PM',14,48),(8039,'March 10, 2021 - 02:14:00 PM',29,2),(8040,'March 10, 2021 - 02:14:00 PM',40,32),(8041,'March 10, 2021 - 02:14:00 PM',57,45),(8042,'March 10, 2021 - 02:14:00 PM',5,6),(8043,'March 10, 2021 - 02:14:00 PM',37,39),(8044,'March 10, 2021 - 02:14:00 PM',30,40),(8045,'March 10, 2021 - 02:14:00 PM',77,29),(8046,'March 10, 2021 - 02:05:00 PM',48,135),(8047,'March 10, 2021 - 02:05:00 PM',19,136),(8048,'March 10, 2021 - 02:05:00 PM',10,37),(8049,'March 10, 2021 - 02:05:00 PM',23,138),(8050,'March 10, 2021 - 02:05:00 PM',6,137),(8051,'March 10, 2021 - 02:05:00 PM',1,34),(8052,'March 10, 2021 - 02:05:00 PM',4,49),(8053,'March 10, 2021 - 02:05:00 PM',21,43),(8054,'March 10, 2021 - 02:05:00 PM',42,44),(8055,'March 10, 2021 - 02:05:00 PM',52,42),(8056,'March 10, 2021 - 02:05:00 PM',17,33),(8057,'March 10, 2021 - 02:05:00 PM',34,36),(8058,'March 10, 2021 - 02:05:00 PM',7,50),(8059,'March 10, 2021 - 02:05:00 PM',16,27),(8060,'March 10, 2021 - 02:05:00 PM',38,30),(8061,'March 10, 2021 - 02:05:00 PM',22,16),(8062,'March 10, 2021 - 02:05:00 PM',8,17),(8063,'March 10, 2021 - 02:05:00 PM',32,18),(8064,'March 10, 2021 - 02:05:00 PM',63,19),(8065,'March 10, 2021 - 02:05:00 PM',36,20),(8066,'March 10, 2021 - 02:05:00 PM',2,21),(8067,'March 10, 2021 - 02:05:00 PM',39,22),(8068,'March 10, 2021 - 02:05:00 PM',71,23),(8069,'March 10, 2021 - 02:05:00 PM',50,24),(8070,'March 10, 2021 - 02:05:00 PM',26,25),(8071,'March 10, 2021 - 02:05:00 PM',44,28),(8072,'March 10, 2021 - 02:05:00 PM',12,38),(8073,'March 10, 2021 - 02:05:00 PM',35,46),(8074,'March 10, 2021 - 02:05:00 PM',25,47),(8075,'March 10, 2021 - 02:05:00 PM',51,7),(8076,'March 10, 2021 - 02:05:00 PM',15,9),(8077,'March 10, 2021 - 02:05:00 PM',24,10),(8078,'March 10, 2021 - 02:05:00 PM',9,11),(8079,'March 10, 2021 - 02:05:00 PM',20,12),(8080,'March 10, 2021 - 02:05:00 PM',18,13),(8081,'March 10, 2021 - 02:05:00 PM',31,14),(8082,'March 10, 2021 - 02:05:00 PM',66,15),(8083,'March 10, 2021 - 02:05:00 PM',27,26),(8084,'March 10, 2021 - 02:05:00 PM',45,31),(8085,'March 10, 2021 - 02:05:00 PM',56,41),(8086,'March 10, 2021 - 02:05:00 PM',14,48),(8087,'March 10, 2021 - 02:05:00 PM',29,2),(8088,'March 10, 2021 - 02:05:00 PM',40,32),(8089,'March 10, 2021 - 02:05:00 PM',57,45),(8090,'March 10, 2021 - 02:05:00 PM',5,6),(8091,'March 10, 2021 - 02:05:00 PM',37,39),(8092,'March 10, 2021 - 02:05:00 PM',30,40),(8093,'March 10, 2021 - 02:05:00 PM',77,29),(8094,'March 10, 2021 - 02:45:00 PM',48,135),(8095,'March 10, 2021 - 02:45:00 PM',19,136),(8096,'March 10, 2021 - 02:45:00 PM',10,37),(8097,'March 10, 2021 - 02:45:00 PM',23,138),(8098,'March 10, 2021 - 02:45:00 PM',6,137),(8099,'March 10, 2021 - 02:45:00 PM',1,34),(8100,'March 10, 2021 - 02:45:00 PM',4,49),(8101,'March 10, 2021 - 02:45:00 PM',21,43),(8102,'March 10, 2021 - 02:45:00 PM',42,44),(8103,'March 10, 2021 - 02:45:00 PM',52,42),(8104,'March 10, 2021 - 02:45:00 PM',17,33),(8105,'March 10, 2021 - 02:45:00 PM',34,36),(8106,'March 10, 2021 - 02:45:00 PM',7,50),(8107,'March 10, 2021 - 02:45:00 PM',16,27),(8108,'March 10, 2021 - 02:45:00 PM',38,30),(8109,'March 10, 2021 - 02:45:00 PM',22,16),(8110,'March 10, 2021 - 02:45:00 PM',8,17),(8111,'March 10, 2021 - 02:45:00 PM',32,18),(8112,'March 10, 2021 - 02:45:00 PM',63,19),(8113,'March 10, 2021 - 02:45:00 PM',36,20),(8114,'March 10, 2021 - 02:45:00 PM',2,21),(8115,'March 10, 2021 - 02:45:00 PM',39,22),(8116,'March 10, 2021 - 02:45:00 PM',71,23),(8117,'March 10, 2021 - 02:45:00 PM',50,24),(8118,'March 10, 2021 - 02:45:00 PM',26,25),(8119,'March 10, 2021 - 02:45:00 PM',44,28),(8120,'March 10, 2021 - 02:45:00 PM',12,38),(8121,'March 10, 2021 - 02:45:00 PM',35,46),(8122,'March 10, 2021 - 02:45:00 PM',25,47),(8123,'March 10, 2021 - 02:45:00 PM',51,7),(8124,'March 10, 2021 - 02:45:00 PM',15,9),(8125,'March 10, 2021 - 02:45:00 PM',24,10),(8126,'March 10, 2021 - 02:45:00 PM',9,11),(8127,'March 10, 2021 - 02:45:00 PM',20,12),(8128,'March 10, 2021 - 02:45:00 PM',18,13),(8129,'March 10, 2021 - 02:45:00 PM',31,14),(8130,'March 10, 2021 - 02:45:00 PM',66,15),(8131,'March 10, 2021 - 02:45:00 PM',27,26),(8132,'March 10, 2021 - 02:45:00 PM',45,31),(8133,'March 10, 2021 - 02:45:00 PM',56,41),(8134,'March 10, 2021 - 02:45:00 PM',14,48),(8135,'March 10, 2021 - 02:45:00 PM',29,2),(8136,'March 10, 2021 - 02:45:00 PM',40,32),(8137,'March 10, 2021 - 02:45:00 PM',57,45),(8138,'March 10, 2021 - 02:45:00 PM',5,6),(8139,'March 10, 2021 - 02:45:00 PM',37,39),(8140,'March 10, 2021 - 02:45:00 PM',30,40),(8141,'March 10, 2021 - 02:45:00 PM',77,29),(8175,'March 15, 2021 - 12:51:00 PM',22,135),(8176,'March 15, 2021 - 12:51:00 PM',21,37),(8177,'March 15, 2021 - 12:51:00 PM',23,138),(8178,'March 15, 2021 - 12:51:00 PM',28,137),(8179,'March 15, 2021 - 12:51:00 PM',7,34),(8180,'March 15, 2021 - 12:51:00 PM',4,49),(8181,'March 15, 2021 - 12:51:00 PM',68,43),(8182,'March 15, 2021 - 12:51:00 PM',67,44),(8183,'March 15, 2021 - 12:51:00 PM',34,33),(8184,'March 15, 2021 - 12:51:00 PM',78,36),(8185,'March 15, 2021 - 12:51:00 PM',69,27),(8186,'March 15, 2021 - 12:51:00 PM',38,30),(8187,'March 15, 2021 - 12:51:00 PM',6,17),(8188,'March 15, 2021 - 12:51:00 PM',75,19),(8189,'March 15, 2021 - 12:51:00 PM',36,20),(8190,'March 15, 2021 - 12:51:00 PM',26,21),(8191,'March 15, 2021 - 12:51:00 PM',39,22),(8192,'March 15, 2021 - 12:51:00 PM',65,23),(8193,'March 15, 2021 - 12:51:00 PM',79,24),(8194,'March 15, 2021 - 12:51:00 PM',74,25),(8195,'March 15, 2021 - 12:51:00 PM',35,28),(8196,'March 15, 2021 - 12:51:00 PM',25,47),(8197,'March 15, 2021 - 12:51:00 PM',66,7),(8198,'March 15, 2021 - 12:51:00 PM',32,9),(8199,'March 15, 2021 - 12:51:00 PM',31,11),(8200,'March 15, 2021 - 12:51:00 PM',33,26),(8201,'March 15, 2021 - 12:51:00 PM',24,48),(8202,'March 15, 2021 - 12:51:00 PM',29,2),(8203,'March 15, 2021 - 12:51:00 PM',70,32),(8204,'March 15, 2021 - 12:51:00 PM',5,6),(8205,'March 15, 2021 - 12:51:00 PM',37,39),(8206,'March 15, 2021 - 12:51:00 PM',30,40),(8207,'March 15, 2021 - 12:51:00 PM',64,29),(8340,'March 15, 2021 - 12:57:00 PM',22,135),(8341,'March 15, 2021 - 12:57:00 PM',21,37),(8342,'March 15, 2021 - 12:57:00 PM',23,138),(8343,'March 15, 2021 - 12:57:00 PM',28,137),(8344,'March 15, 2021 - 12:57:00 PM',7,34),(8345,'March 15, 2021 - 12:57:00 PM',4,49),(8346,'March 15, 2021 - 12:57:00 PM',68,43),(8347,'March 15, 2021 - 12:57:00 PM',67,44),(8348,'March 15, 2021 - 12:57:00 PM',34,33),(8349,'March 15, 2021 - 12:57:00 PM',78,36),(8350,'March 15, 2021 - 12:57:00 PM',69,27),(8351,'March 15, 2021 - 12:57:00 PM',38,30),(8352,'March 15, 2021 - 12:57:00 PM',6,17),(8353,'March 15, 2021 - 12:57:00 PM',75,19),(8354,'March 15, 2021 - 12:57:00 PM',36,20),(8355,'March 15, 2021 - 12:57:00 PM',26,21),(8356,'March 15, 2021 - 12:57:00 PM',39,22),(8357,'March 15, 2021 - 12:57:00 PM',65,23),(8358,'March 15, 2021 - 12:57:00 PM',79,24),(8359,'March 15, 2021 - 12:57:00 PM',74,25),(8360,'March 15, 2021 - 12:57:00 PM',35,28),(8361,'March 15, 2021 - 12:57:00 PM',25,47),(8362,'March 15, 2021 - 12:57:00 PM',66,7),(8363,'March 15, 2021 - 12:57:00 PM',32,9),(8364,'March 15, 2021 - 12:57:00 PM',31,11),(8365,'March 15, 2021 - 12:57:00 PM',33,26),(8366,'March 15, 2021 - 12:57:00 PM',24,48),(8367,'March 15, 2021 - 12:57:00 PM',29,2),(8368,'March 15, 2021 - 12:57:00 PM',70,32),(8369,'March 15, 2021 - 12:57:00 PM',5,6),(8370,'March 15, 2021 - 12:57:00 PM',37,39),(8371,'March 15, 2021 - 12:57:00 PM',30,40),(8372,'March 15, 2021 - 12:57:00 PM',64,29),(8439,'March 15, 2021 - 01:03:00 PM',22,135),(8440,'March 15, 2021 - 01:03:00 PM',21,37),(8441,'March 15, 2021 - 01:03:00 PM',23,138),(8442,'March 15, 2021 - 01:03:00 PM',28,137),(8443,'March 15, 2021 - 01:03:00 PM',7,34),(8444,'March 15, 2021 - 01:03:00 PM',4,49),(8445,'March 15, 2021 - 01:03:00 PM',68,43),(8446,'March 15, 2021 - 01:03:00 PM',67,44),(8447,'March 15, 2021 - 01:03:00 PM',34,33),(8448,'March 15, 2021 - 01:03:00 PM',78,36),(8449,'March 15, 2021 - 01:03:00 PM',69,27),(8450,'March 15, 2021 - 01:03:00 PM',38,30),(8451,'March 15, 2021 - 01:03:00 PM',6,17),(8452,'March 15, 2021 - 01:03:00 PM',75,19),(8453,'March 15, 2021 - 01:03:00 PM',36,20),(8454,'March 15, 2021 - 01:03:00 PM',26,21),(8455,'March 15, 2021 - 01:03:00 PM',39,22),(8456,'March 15, 2021 - 01:03:00 PM',65,23),(8457,'March 15, 2021 - 01:03:00 PM',79,24),(8458,'March 15, 2021 - 01:03:00 PM',74,25),(8459,'March 15, 2021 - 01:03:00 PM',35,28),(8460,'March 15, 2021 - 01:03:00 PM',25,47),(8461,'March 15, 2021 - 01:03:00 PM',66,7),(8462,'March 15, 2021 - 01:03:00 PM',32,9),(8463,'March 15, 2021 - 01:03:00 PM',31,11),(8464,'March 15, 2021 - 01:03:00 PM',33,26),(8465,'March 15, 2021 - 01:03:00 PM',24,48),(8466,'March 15, 2021 - 01:03:00 PM',29,2),(8467,'March 15, 2021 - 01:03:00 PM',70,32),(8468,'March 15, 2021 - 01:03:00 PM',5,6),(8469,'March 15, 2021 - 01:03:00 PM',37,39),(8470,'March 15, 2021 - 01:03:00 PM',30,40),(8471,'March 15, 2021 - 01:03:00 PM',64,29),(8472,'March 15, 2021 - 01:08:00 PM',22,135),(8473,'March 15, 2021 - 01:08:00 PM',21,37),(8474,'March 15, 2021 - 01:08:00 PM',23,138),(8475,'March 15, 2021 - 01:08:00 PM',28,137),(8476,'March 15, 2021 - 01:08:00 PM',7,34),(8477,'March 15, 2021 - 01:08:00 PM',4,49),(8478,'March 15, 2021 - 01:08:00 PM',68,43),(8479,'March 15, 2021 - 01:08:00 PM',67,44),(8480,'March 15, 2021 - 01:08:00 PM',34,33),(8481,'March 15, 2021 - 01:08:00 PM',78,36),(8482,'March 15, 2021 - 01:08:00 PM',69,27),(8483,'March 15, 2021 - 01:08:00 PM',38,30),(8484,'March 15, 2021 - 01:08:00 PM',6,17),(8485,'March 15, 2021 - 01:08:00 PM',75,19),(8486,'March 15, 2021 - 01:08:00 PM',36,20),(8487,'March 15, 2021 - 01:08:00 PM',26,21),(8488,'March 15, 2021 - 01:08:00 PM',39,22),(8489,'March 15, 2021 - 01:08:00 PM',65,23),(8490,'March 15, 2021 - 01:08:00 PM',79,24),(8491,'March 15, 2021 - 01:08:00 PM',74,25),(8492,'March 15, 2021 - 01:08:00 PM',35,28),(8493,'March 15, 2021 - 01:08:00 PM',25,47),(8494,'March 15, 2021 - 01:08:00 PM',66,7),(8495,'March 15, 2021 - 01:08:00 PM',32,9),(8496,'March 15, 2021 - 01:08:00 PM',31,11),(8497,'March 15, 2021 - 01:08:00 PM',33,26),(8498,'March 15, 2021 - 01:08:00 PM',24,48),(8499,'March 15, 2021 - 01:08:00 PM',29,2),(8500,'March 15, 2021 - 01:08:00 PM',70,32),(8501,'March 15, 2021 - 01:08:00 PM',5,6),(8502,'March 15, 2021 - 01:08:00 PM',37,39),(8503,'March 15, 2021 - 01:08:00 PM',30,40),(8504,'March 15, 2021 - 01:08:00 PM',64,29),(8538,'March 15, 2021 - 01:13:00 PM',22,135),(8539,'March 15, 2021 - 01:13:00 PM',21,37),(8540,'March 15, 2021 - 01:13:00 PM',23,138),(8541,'March 15, 2021 - 01:13:00 PM',28,137),(8542,'March 15, 2021 - 01:13:00 PM',7,34),(8543,'March 15, 2021 - 01:13:00 PM',4,49),(8544,'March 15, 2021 - 01:13:00 PM',68,43),(8545,'March 15, 2021 - 01:13:00 PM',67,44),(8546,'March 15, 2021 - 01:13:00 PM',34,33),(8547,'March 15, 2021 - 01:13:00 PM',78,36),(8548,'March 15, 2021 - 01:13:00 PM',69,27),(8549,'March 15, 2021 - 01:13:00 PM',38,30),(8550,'March 15, 2021 - 01:13:00 PM',6,17),(8551,'March 15, 2021 - 01:13:00 PM',75,19),(8552,'March 15, 2021 - 01:13:00 PM',36,20),(8553,'March 15, 2021 - 01:13:00 PM',26,21),(8554,'March 15, 2021 - 01:13:00 PM',39,22),(8555,'March 15, 2021 - 01:13:00 PM',65,23),(8556,'March 15, 2021 - 01:13:00 PM',79,24),(8557,'March 15, 2021 - 01:13:00 PM',74,25),(8558,'March 15, 2021 - 01:13:00 PM',35,28),(8559,'March 15, 2021 - 01:13:00 PM',25,47),(8560,'March 15, 2021 - 01:13:00 PM',66,7),(8561,'March 15, 2021 - 01:13:00 PM',32,9),(8562,'March 15, 2021 - 01:13:00 PM',31,11),(8563,'March 15, 2021 - 01:13:00 PM',33,26),(8564,'March 15, 2021 - 01:13:00 PM',24,48),(8565,'March 15, 2021 - 01:13:00 PM',29,2),(8566,'March 15, 2021 - 01:13:00 PM',70,32),(8567,'March 15, 2021 - 01:13:00 PM',5,6),(8568,'March 15, 2021 - 01:13:00 PM',37,39),(8569,'March 15, 2021 - 01:13:00 PM',30,40),(8570,'March 15, 2021 - 01:13:00 PM',64,29),(8604,'March 15, 2021 - 01:15:00 PM',22,135),(8605,'March 15, 2021 - 01:15:00 PM',21,37),(8606,'March 15, 2021 - 01:15:00 PM',23,138),(8607,'March 15, 2021 - 01:15:00 PM',28,137),(8608,'March 15, 2021 - 01:15:00 PM',7,34),(8609,'March 15, 2021 - 01:15:00 PM',4,49),(8610,'March 15, 2021 - 01:15:00 PM',68,43),(8611,'March 15, 2021 - 01:15:00 PM',67,44),(8612,'March 15, 2021 - 01:15:00 PM',34,33),(8613,'March 15, 2021 - 01:15:00 PM',78,36),(8614,'March 15, 2021 - 01:15:00 PM',69,27),(8615,'March 15, 2021 - 01:15:00 PM',38,30),(8616,'March 15, 2021 - 01:15:00 PM',6,17),(8617,'March 15, 2021 - 01:15:00 PM',75,19),(8618,'March 15, 2021 - 01:15:00 PM',36,20),(8619,'March 15, 2021 - 01:15:00 PM',26,21),(8620,'March 15, 2021 - 01:15:00 PM',39,22),(8621,'March 15, 2021 - 01:15:00 PM',65,23),(8622,'March 15, 2021 - 01:15:00 PM',79,24),(8623,'March 15, 2021 - 01:15:00 PM',74,25),(8624,'March 15, 2021 - 01:15:00 PM',35,28),(8625,'March 15, 2021 - 01:15:00 PM',25,47),(8626,'March 15, 2021 - 01:15:00 PM',66,7),(8627,'March 15, 2021 - 01:15:00 PM',32,9),(8628,'March 15, 2021 - 01:15:00 PM',31,11),(8629,'March 15, 2021 - 01:15:00 PM',33,26),(8630,'March 15, 2021 - 01:15:00 PM',24,48),(8631,'March 15, 2021 - 01:15:00 PM',29,2),(8632,'March 15, 2021 - 01:15:00 PM',70,32),(8633,'March 15, 2021 - 01:15:00 PM',5,6),(8634,'March 15, 2021 - 01:15:00 PM',37,39),(8635,'March 15, 2021 - 01:15:00 PM',30,40),(8636,'March 15, 2021 - 01:15:00 PM',64,29),(8769,'March 15, 2021 - 01:16:00 PM',22,135),(8770,'March 15, 2021 - 01:16:00 PM',21,37),(8771,'March 15, 2021 - 01:16:00 PM',23,138),(8772,'March 15, 2021 - 01:16:00 PM',28,137),(8773,'March 15, 2021 - 01:16:00 PM',7,34),(8774,'March 15, 2021 - 01:16:00 PM',4,49),(8775,'March 15, 2021 - 01:16:00 PM',68,43),(8776,'March 15, 2021 - 01:16:00 PM',67,44),(8777,'March 15, 2021 - 01:16:00 PM',34,33),(8778,'March 15, 2021 - 01:16:00 PM',78,36),(8779,'March 15, 2021 - 01:16:00 PM',69,27),(8780,'March 15, 2021 - 01:16:00 PM',38,30),(8781,'March 15, 2021 - 01:16:00 PM',6,17),(8782,'March 15, 2021 - 01:16:00 PM',75,19),(8783,'March 15, 2021 - 01:16:00 PM',36,20),(8784,'March 15, 2021 - 01:16:00 PM',26,21),(8785,'March 15, 2021 - 01:16:00 PM',39,22),(8786,'March 15, 2021 - 01:16:00 PM',65,23),(8787,'March 15, 2021 - 01:16:00 PM',79,24),(8788,'March 15, 2021 - 01:16:00 PM',74,25),(8789,'March 15, 2021 - 01:16:00 PM',35,28),(8790,'March 15, 2021 - 01:16:00 PM',25,47),(8791,'March 15, 2021 - 01:16:00 PM',66,7),(8792,'March 15, 2021 - 01:16:00 PM',32,9),(8793,'March 15, 2021 - 01:16:00 PM',31,11),(8794,'March 15, 2021 - 01:16:00 PM',33,26),(8795,'March 15, 2021 - 01:16:00 PM',24,48),(8796,'March 15, 2021 - 01:16:00 PM',29,2),(8797,'March 15, 2021 - 01:16:00 PM',70,32),(8798,'March 15, 2021 - 01:16:00 PM',5,6),(8799,'March 15, 2021 - 01:16:00 PM',37,39),(8800,'March 15, 2021 - 01:16:00 PM',30,40),(8801,'March 15, 2021 - 01:16:00 PM',64,29),(8802,'March 15, 2021 - 06:20:00 PM',22,135),(8803,'March 15, 2021 - 06:20:00 PM',21,37),(8804,'March 15, 2021 - 06:20:00 PM',23,138),(8805,'March 15, 2021 - 06:20:00 PM',28,137),(8806,'March 15, 2021 - 06:20:00 PM',7,34),(8807,'March 15, 2021 - 06:20:00 PM',4,49),(8808,'March 15, 2021 - 06:20:00 PM',68,43),(8809,'March 15, 2021 - 06:20:00 PM',67,44),(8810,'March 15, 2021 - 06:20:00 PM',34,33),(8811,'March 15, 2021 - 06:20:00 PM',78,36),(8812,'March 15, 2021 - 06:20:00 PM',69,27),(8813,'March 15, 2021 - 06:20:00 PM',38,30),(8814,'March 15, 2021 - 06:20:00 PM',6,17),(8815,'March 15, 2021 - 06:20:00 PM',75,19),(8816,'March 15, 2021 - 06:20:00 PM',36,20),(8817,'March 15, 2021 - 06:20:00 PM',26,21),(8818,'March 15, 2021 - 06:20:00 PM',39,22),(8819,'March 15, 2021 - 06:20:00 PM',65,23),(8820,'March 15, 2021 - 06:20:00 PM',79,24),(8821,'March 15, 2021 - 06:20:00 PM',74,25),(8822,'March 15, 2021 - 06:20:00 PM',35,28),(8823,'March 15, 2021 - 06:20:00 PM',25,47),(8824,'March 15, 2021 - 06:20:00 PM',66,7),(8825,'March 15, 2021 - 06:20:00 PM',32,9),(8826,'March 15, 2021 - 06:20:00 PM',31,11),(8827,'March 15, 2021 - 06:20:00 PM',33,26),(8828,'March 15, 2021 - 06:20:00 PM',24,48),(8829,'March 15, 2021 - 06:20:00 PM',29,2),(8830,'March 15, 2021 - 06:20:00 PM',70,32),(8831,'March 15, 2021 - 06:20:00 PM',5,6),(8832,'March 15, 2021 - 06:20:00 PM',37,39),(8833,'March 15, 2021 - 06:20:00 PM',30,40),(8834,'March 15, 2021 - 06:20:00 PM',64,29),(8835,'March 15, 2021 - 06:35:00 PM',22,135),(8836,'March 15, 2021 - 06:38:00 PM',22,135),(8837,'March 15, 2021 - 06:56:00 PM',22,135),(8838,'March 15, 2021 - 06:56:00 PM',5,136),(8839,'March 15, 2021 - 06:56:00 PM',21,37),(8840,'March 15, 2021 - 06:56:00 PM',23,138),(8841,'March 15, 2021 - 06:56:00 PM',28,137),(8842,'March 15, 2021 - 06:56:00 PM',7,34),(8843,'March 15, 2021 - 06:56:00 PM',4,49),(8844,'March 15, 2021 - 06:56:00 PM',68,43),(8845,'March 15, 2021 - 06:56:00 PM',67,44),(8846,'March 15, 2021 - 06:56:00 PM',69,42),(8847,'March 15, 2021 - 06:56:00 PM',34,33),(8848,'March 15, 2021 - 06:56:00 PM',78,36),(8849,'March 15, 2021 - 06:56:00 PM',35,50),(8850,'March 15, 2021 - 06:56:00 PM',69,27),(8851,'March 15, 2021 - 06:56:00 PM',38,30),(8852,'March 15, 2021 - 06:56:00 PM',32,16),(8853,'March 15, 2021 - 06:56:00 PM',6,17),(8854,'March 15, 2021 - 06:56:00 PM',75,18),(8855,'March 15, 2021 - 06:56:00 PM',75,19),(8856,'March 15, 2021 - 06:56:00 PM',36,20),(8857,'March 15, 2021 - 06:56:00 PM',26,21),(8858,'March 15, 2021 - 06:56:00 PM',39,22),(8859,'March 15, 2021 - 06:56:00 PM',65,23),(8860,'March 15, 2021 - 06:56:00 PM',79,24),(8861,'March 15, 2021 - 06:56:00 PM',74,25),(8862,'March 15, 2021 - 06:56:00 PM',35,28),(8863,'March 15, 2021 - 06:56:00 PM',25,38),(8864,'March 15, 2021 - 06:56:00 PM',22,46),(8865,'March 15, 2021 - 06:56:00 PM',25,47),(8866,'March 15, 2021 - 06:56:00 PM',66,7),(8867,'March 15, 2021 - 06:56:00 PM',32,9),(8868,'March 15, 2021 - 06:56:00 PM',5,10),(8869,'March 15, 2021 - 06:56:00 PM',31,11),(8870,'March 15, 2021 - 06:56:00 PM',67,12),(8871,'March 15, 2021 - 06:56:00 PM',67,13),(8872,'March 15, 2021 - 06:56:00 PM',38,14),(8873,'March 15, 2021 - 06:56:00 PM',39,15),(8874,'March 15, 2021 - 06:56:00 PM',33,26),(8875,'March 15, 2021 - 06:56:00 PM',36,31),(8876,'March 15, 2021 - 06:56:00 PM',5,41),(8877,'March 15, 2021 - 06:56:00 PM',24,48),(8878,'March 15, 2021 - 06:56:00 PM',29,2),(8879,'March 15, 2021 - 06:56:00 PM',70,32),(8880,'March 15, 2021 - 06:56:00 PM',39,45),(8881,'March 15, 2021 - 06:56:00 PM',5,6),(8882,'March 15, 2021 - 06:56:00 PM',37,39),(8883,'March 15, 2021 - 06:56:00 PM',30,40),(8884,'March 15, 2021 - 06:56:00 PM',64,29),(8885,'March 17, 2021 - 01:56:00 PM',22,135),(8886,'March 17, 2021 - 01:56:00 PM',35,136),(8887,'March 17, 2021 - 01:56:00 PM',10,37),(8888,'March 17, 2021 - 01:56:00 PM',23,138),(8889,'March 17, 2021 - 01:56:00 PM',28,137),(8890,'March 17, 2021 - 01:56:00 PM',7,34),(8891,'March 17, 2021 - 01:56:00 PM',4,49),(8892,'March 17, 2021 - 01:56:00 PM',34,43),(8893,'March 17, 2021 - 01:56:00 PM',58,44),(8894,'March 17, 2021 - 01:56:00 PM',68,42),(8895,'March 17, 2021 - 01:56:00 PM',21,33),(8896,'March 17, 2021 - 01:56:00 PM',52,36),(8897,'March 17, 2021 - 01:56:00 PM',67,50),(8898,'March 17, 2021 - 01:56:00 PM',69,27),(8899,'March 17, 2021 - 01:56:00 PM',38,30),(8900,'March 17, 2021 - 01:56:00 PM',22,16),(8901,'March 17, 2021 - 01:56:00 PM',6,17),(8902,'March 17, 2021 - 01:56:00 PM',65,18),(8903,'March 17, 2021 - 01:56:00 PM',53,19),(8904,'March 17, 2021 - 01:56:00 PM',36,20),(8905,'March 17, 2021 - 01:56:00 PM',11,21),(8906,'March 17, 2021 - 01:56:00 PM',39,22),(8907,'March 17, 2021 - 01:56:00 PM',75,23),(8908,'March 17, 2021 - 01:56:00 PM',74,24),(8909,'March 17, 2021 - 01:56:00 PM',26,25),(8910,'March 17, 2021 - 01:56:00 PM',50,28),(8911,'March 17, 2021 - 01:56:00 PM',79,38),(8912,'March 17, 2021 - 01:56:00 PM',55,46),(8913,'March 17, 2021 - 01:56:00 PM',25,47),(8914,'March 17, 2021 - 01:56:00 PM',66,7),(8915,'March 17, 2021 - 01:56:00 PM',32,9),(8916,'March 17, 2021 - 01:56:00 PM',35,10),(8917,'March 17, 2021 - 01:56:00 PM',9,11),(8918,'March 17, 2021 - 01:56:00 PM',70,12),(8919,'March 17, 2021 - 01:56:00 PM',64,13),(8920,'March 17, 2021 - 01:56:00 PM',24,14),(8921,'March 17, 2021 - 01:56:00 PM',56,15),(8922,'March 17, 2021 - 01:56:00 PM',31,26),(8923,'March 17, 2021 - 01:56:00 PM',33,31),(8924,'March 17, 2021 - 01:56:00 PM',78,41),(8925,'March 17, 2021 - 01:56:00 PM',27,48),(8926,'March 17, 2021 - 01:56:00 PM',29,2),(8927,'March 17, 2021 - 01:56:00 PM',54,32),(8928,'March 17, 2021 - 01:56:00 PM',57,45),(8929,'March 17, 2021 - 01:56:00 PM',5,6),(8930,'March 17, 2021 - 01:56:00 PM',37,39),(8931,'March 17, 2021 - 01:56:00 PM',30,40),(8932,'March 17, 2021 - 01:56:00 PM',49,29),(8981,'March 17, 2021 - 02:35:00 PM',22,135),(8982,'March 17, 2021 - 02:35:00 PM',35,136),(8983,'March 17, 2021 - 02:35:00 PM',10,37),(8984,'March 17, 2021 - 02:35:00 PM',23,138),(8985,'March 17, 2021 - 02:35:00 PM',28,137),(8986,'March 17, 2021 - 02:35:00 PM',7,34),(8987,'March 17, 2021 - 02:35:00 PM',4,49),(8988,'March 17, 2021 - 02:35:00 PM',34,43),(8989,'March 17, 2021 - 02:35:00 PM',58,44),(8990,'March 17, 2021 - 02:35:00 PM',68,42),(8991,'March 17, 2021 - 02:35:00 PM',21,33),(8992,'March 17, 2021 - 02:35:00 PM',52,36),(8993,'March 17, 2021 - 02:35:00 PM',67,50),(8994,'March 17, 2021 - 02:35:00 PM',69,27),(8995,'March 17, 2021 - 02:35:00 PM',38,30),(8996,'March 17, 2021 - 02:35:00 PM',22,16),(8997,'March 17, 2021 - 02:35:00 PM',6,17),(8998,'March 17, 2021 - 02:35:00 PM',65,18),(8999,'March 17, 2021 - 02:35:00 PM',53,19),(9000,'March 17, 2021 - 02:35:00 PM',36,20),(9001,'March 17, 2021 - 02:35:00 PM',11,21),(9002,'March 17, 2021 - 02:35:00 PM',39,22),(9003,'March 17, 2021 - 02:35:00 PM',75,23),(9004,'March 17, 2021 - 02:35:00 PM',74,24),(9005,'March 17, 2021 - 02:35:00 PM',26,25),(9006,'March 17, 2021 - 02:35:00 PM',50,28),(9007,'March 17, 2021 - 02:35:00 PM',79,38),(9008,'March 17, 2021 - 02:35:00 PM',55,46),(9009,'March 17, 2021 - 02:35:00 PM',25,47),(9010,'March 17, 2021 - 02:35:00 PM',66,7),(9011,'March 17, 2021 - 02:35:00 PM',32,9),(9012,'March 17, 2021 - 02:35:00 PM',32,10),(9013,'March 17, 2021 - 02:35:00 PM',9,11),(9014,'March 17, 2021 - 02:35:00 PM',70,12),(9015,'March 17, 2021 - 02:35:00 PM',64,13),(9016,'March 17, 2021 - 02:35:00 PM',24,14),(9017,'March 17, 2021 - 02:35:00 PM',56,15),(9018,'March 17, 2021 - 02:35:00 PM',31,26),(9019,'March 17, 2021 - 02:35:00 PM',33,31),(9020,'March 17, 2021 - 02:35:00 PM',78,41),(9021,'March 17, 2021 - 02:35:00 PM',27,48),(9022,'March 17, 2021 - 02:35:00 PM',29,2),(9023,'March 17, 2021 - 02:35:00 PM',54,32),(9024,'March 17, 2021 - 02:35:00 PM',57,45),(9025,'March 17, 2021 - 02:35:00 PM',5,6),(9026,'March 17, 2021 - 02:35:00 PM',37,39),(9027,'March 17, 2021 - 02:35:00 PM',30,40),(9028,'March 17, 2021 - 02:35:00 PM',49,29),(9029,'March 18, 2021 - 05:56:00 PM',22,135),(9030,'March 18, 2021 - 05:56:00 PM',35,136),(9031,'March 18, 2021 - 05:56:00 PM',10,37),(9032,'March 18, 2021 - 05:56:00 PM',23,138),(9033,'March 18, 2021 - 05:56:00 PM',28,137),(9034,'March 18, 2021 - 05:56:00 PM',7,34),(9035,'March 18, 2021 - 05:56:00 PM',4,49),(9036,'March 18, 2021 - 05:56:00 PM',34,43),(9037,'March 18, 2021 - 05:56:00 PM',58,44),(9038,'March 18, 2021 - 05:56:00 PM',68,42),(9039,'March 18, 2021 - 05:56:00 PM',21,33),(9040,'March 18, 2021 - 05:56:00 PM',52,36),(9041,'March 18, 2021 - 05:56:00 PM',67,50),(9042,'March 18, 2021 - 05:56:00 PM',69,27),(9043,'March 18, 2021 - 05:56:00 PM',38,30),(9044,'March 18, 2021 - 05:56:00 PM',5,16),(9045,'March 18, 2021 - 05:56:00 PM',6,17),(9046,'March 18, 2021 - 05:56:00 PM',65,18),(9047,'March 18, 2021 - 05:56:00 PM',53,19),(9048,'March 18, 2021 - 05:56:00 PM',36,20),(9049,'March 18, 2021 - 05:56:00 PM',11,21),(9050,'March 18, 2021 - 05:56:00 PM',39,22),(9051,'March 18, 2021 - 05:56:00 PM',75,23),(9052,'March 18, 2021 - 05:56:00 PM',74,24),(9053,'March 18, 2021 - 05:56:00 PM',26,25),(9054,'March 18, 2021 - 05:56:00 PM',50,28),(9055,'March 18, 2021 - 05:56:00 PM',79,38),(9056,'March 18, 2021 - 05:56:00 PM',55,46),(9057,'March 18, 2021 - 05:56:00 PM',25,47),(9058,'March 18, 2021 - 05:56:00 PM',66,7),(9059,'March 18, 2021 - 05:56:00 PM',32,9),(9060,'March 18, 2021 - 05:56:00 PM',22,10),(9061,'March 18, 2021 - 05:56:00 PM',9,11),(9062,'March 18, 2021 - 05:56:00 PM',70,12),(9063,'March 18, 2021 - 05:56:00 PM',64,13),(9064,'March 18, 2021 - 05:56:00 PM',24,14),(9065,'March 18, 2021 - 05:56:00 PM',56,15),(9066,'March 18, 2021 - 05:56:00 PM',31,26),(9067,'March 18, 2021 - 05:56:00 PM',33,31),(9068,'March 18, 2021 - 05:56:00 PM',78,41),(9069,'March 18, 2021 - 05:56:00 PM',27,48),(9070,'March 18, 2021 - 05:56:00 PM',29,2),(9071,'March 18, 2021 - 05:56:00 PM',54,32),(9072,'March 18, 2021 - 05:56:00 PM',57,45),(9073,'March 18, 2021 - 05:56:00 PM',5,6),(9074,'March 18, 2021 - 05:56:00 PM',37,39),(9075,'March 18, 2021 - 05:56:00 PM',30,40),(9076,'March 18, 2021 - 05:56:00 PM',49,29),(9077,'March 23, 2021 - 09:05:00 PM',22,135),(9078,'March 23, 2021 - 09:05:00 PM',57,136),(9079,'March 23, 2021 - 09:05:00 PM',10,37),(9080,'March 23, 2021 - 09:05:00 PM',23,138),(9081,'March 23, 2021 - 09:05:00 PM',28,137),(9082,'March 23, 2021 - 09:05:00 PM',7,34),(9083,'March 23, 2021 - 09:05:00 PM',4,49),(9084,'March 23, 2021 - 09:05:00 PM',34,43),(9085,'March 23, 2021 - 09:05:00 PM',58,44),(9086,'March 23, 2021 - 09:05:00 PM',68,42),(9087,'March 23, 2021 - 09:05:00 PM',21,33),(9088,'March 23, 2021 - 09:05:00 PM',52,36),(9089,'March 23, 2021 - 09:05:00 PM',67,50),(9090,'March 23, 2021 - 09:05:00 PM',69,27),(9091,'March 23, 2021 - 09:05:00 PM',38,30),(9092,'March 23, 2021 - 09:05:00 PM',5,16),(9093,'March 23, 2021 - 09:05:00 PM',6,17),(9094,'March 23, 2021 - 09:05:00 PM',55,18),(9095,'March 23, 2021 - 09:05:00 PM',53,19),(9096,'March 23, 2021 - 09:05:00 PM',36,20),(9097,'March 23, 2021 - 09:05:00 PM',11,21),(9098,'March 23, 2021 - 09:05:00 PM',50,22),(9099,'March 23, 2021 - 09:05:00 PM',79,23),(9100,'March 23, 2021 - 09:05:00 PM',74,24),(9101,'March 23, 2021 - 09:05:00 PM',26,25),(9102,'March 23, 2021 - 09:05:00 PM',35,28),(9103,'March 23, 2021 - 09:05:00 PM',65,38),(9104,'March 23, 2021 - 09:05:00 PM',24,46),(9105,'March 23, 2021 - 09:05:00 PM',25,47),(9106,'March 23, 2021 - 09:05:00 PM',66,7),(9107,'March 23, 2021 - 09:05:00 PM',32,9),(9108,'March 23, 2021 - 09:05:00 PM',22,10),(9109,'March 23, 2021 - 09:05:00 PM',9,11),(9110,'March 23, 2021 - 09:05:00 PM',38,12),(9111,'March 23, 2021 - 09:05:00 PM',70,13),(9112,'March 23, 2021 - 09:05:00 PM',33,14),(9113,'March 23, 2021 - 09:05:00 PM',56,15),(9114,'March 23, 2021 - 09:05:00 PM',31,26),(9115,'March 23, 2021 - 09:05:00 PM',78,31),(9116,'March 23, 2021 - 09:05:00 PM',64,41),(9117,'March 23, 2021 - 09:05:00 PM',27,48),(9118,'March 23, 2021 - 09:05:00 PM',29,2),(9119,'March 23, 2021 - 09:05:00 PM',54,32),(9120,'March 23, 2021 - 09:05:00 PM',32,45),(9121,'March 23, 2021 - 09:05:00 PM',5,6),(9122,'March 23, 2021 - 09:05:00 PM',37,39),(9123,'March 23, 2021 - 09:05:00 PM',30,40),(9124,'March 23, 2021 - 09:05:00 PM',49,29),(9125,'March 23, 2021 - 09:11:00 PM',22,135),(9126,'March 23, 2021 - 09:11:00 PM',57,136),(9127,'March 23, 2021 - 09:11:00 PM',10,37),(9128,'March 23, 2021 - 09:11:00 PM',23,138),(9129,'March 23, 2021 - 09:11:00 PM',28,137),(9130,'March 23, 2021 - 09:11:00 PM',7,34),(9131,'March 23, 2021 - 09:11:00 PM',4,49),(9132,'March 23, 2021 - 09:11:00 PM',34,43),(9133,'March 23, 2021 - 09:11:00 PM',58,44),(9134,'March 23, 2021 - 09:11:00 PM',68,42),(9135,'March 23, 2021 - 09:11:00 PM',21,33),(9136,'March 23, 2021 - 09:11:00 PM',52,36),(9137,'March 23, 2021 - 09:11:00 PM',67,50),(9138,'March 23, 2021 - 09:11:00 PM',69,27),(9139,'March 23, 2021 - 09:11:00 PM',38,30),(9140,'March 23, 2021 - 09:11:00 PM',5,16),(9141,'March 23, 2021 - 09:11:00 PM',6,17),(9142,'March 23, 2021 - 09:11:00 PM',55,18),(9143,'March 23, 2021 - 09:11:00 PM',53,19),(9144,'March 23, 2021 - 09:11:00 PM',36,20),(9145,'March 23, 2021 - 09:11:00 PM',11,21),(9146,'March 23, 2021 - 09:11:00 PM',50,22),(9147,'March 23, 2021 - 09:11:00 PM',79,23),(9148,'March 23, 2021 - 09:11:00 PM',74,24),(9149,'March 23, 2021 - 09:11:00 PM',26,25),(9150,'March 23, 2021 - 09:11:00 PM',35,28),(9151,'March 23, 2021 - 09:11:00 PM',65,38),(9152,'March 23, 2021 - 09:11:00 PM',24,46),(9153,'March 23, 2021 - 09:11:00 PM',25,47),(9154,'March 23, 2021 - 09:11:00 PM',66,7),(9155,'March 23, 2021 - 09:11:00 PM',32,9),(9156,'March 23, 2021 - 09:11:00 PM',32,10),(9157,'March 23, 2021 - 09:11:00 PM',9,11),(9158,'March 23, 2021 - 09:11:00 PM',38,12),(9159,'March 23, 2021 - 09:11:00 PM',70,13),(9160,'March 23, 2021 - 09:11:00 PM',33,14),(9161,'March 23, 2021 - 09:11:00 PM',56,15),(9162,'March 23, 2021 - 09:11:00 PM',31,26),(9163,'March 23, 2021 - 09:11:00 PM',78,31),(9164,'March 23, 2021 - 09:11:00 PM',64,41),(9165,'March 23, 2021 - 09:11:00 PM',27,48),(9166,'March 23, 2021 - 09:11:00 PM',29,2),(9167,'March 23, 2021 - 09:11:00 PM',54,32),(9168,'March 23, 2021 - 09:11:00 PM',31,45),(9169,'March 23, 2021 - 09:11:00 PM',5,6),(9170,'March 23, 2021 - 09:11:00 PM',37,39),(9171,'March 23, 2021 - 09:11:00 PM',30,40),(9172,'March 23, 2021 - 09:11:00 PM',49,29),(9173,'March 23, 2021 - 09:21:00 PM',22,135),(9174,'March 23, 2021 - 09:21:00 PM',57,136),(9175,'March 23, 2021 - 09:21:00 PM',10,37),(9176,'March 23, 2021 - 09:21:00 PM',23,138),(9177,'March 23, 2021 - 09:21:00 PM',28,137),(9178,'March 23, 2021 - 09:21:00 PM',7,34),(9179,'March 23, 2021 - 09:21:00 PM',4,49),(9180,'March 23, 2021 - 09:21:00 PM',34,43),(9181,'March 23, 2021 - 09:21:00 PM',58,44),(9182,'March 23, 2021 - 09:21:00 PM',68,42),(9183,'March 23, 2021 - 09:21:00 PM',21,33),(9184,'March 23, 2021 - 09:21:00 PM',52,36),(9185,'March 23, 2021 - 09:21:00 PM',67,50),(9186,'March 23, 2021 - 09:21:00 PM',69,27),(9187,'March 23, 2021 - 09:21:00 PM',38,30),(9188,'March 23, 2021 - 09:21:00 PM',5,16),(9189,'March 23, 2021 - 09:21:00 PM',6,17),(9190,'March 23, 2021 - 09:21:00 PM',55,18),(9191,'March 23, 2021 - 09:21:00 PM',53,19),(9192,'March 23, 2021 - 09:21:00 PM',36,20),(9193,'March 23, 2021 - 09:21:00 PM',11,21),(9194,'March 23, 2021 - 09:21:00 PM',50,22),(9195,'March 23, 2021 - 09:21:00 PM',79,23),(9196,'March 23, 2021 - 09:21:00 PM',74,24),(9197,'March 23, 2021 - 09:21:00 PM',26,25),(9198,'March 23, 2021 - 09:21:00 PM',35,28),(9199,'March 23, 2021 - 09:21:00 PM',65,38),(9200,'March 23, 2021 - 09:21:00 PM',24,46),(9201,'March 23, 2021 - 09:21:00 PM',25,47),(9202,'March 23, 2021 - 09:21:00 PM',66,7),(9203,'March 23, 2021 - 09:21:00 PM',32,9),(9204,'March 23, 2021 - 09:21:00 PM',32,10),(9205,'March 23, 2021 - 09:21:00 PM',9,11),(9206,'March 23, 2021 - 09:21:00 PM',36,12),(9207,'March 23, 2021 - 09:21:00 PM',70,13),(9208,'March 23, 2021 - 09:21:00 PM',33,14),(9209,'March 23, 2021 - 09:21:00 PM',56,15),(9210,'March 23, 2021 - 09:21:00 PM',31,26),(9211,'March 23, 2021 - 09:21:00 PM',78,31),(9212,'March 23, 2021 - 09:21:00 PM',64,41),(9213,'March 23, 2021 - 09:21:00 PM',27,48),(9214,'March 23, 2021 - 09:21:00 PM',29,2),(9215,'March 23, 2021 - 09:21:00 PM',54,32),(9216,'March 23, 2021 - 09:21:00 PM',34,45),(9217,'March 23, 2021 - 09:21:00 PM',5,6),(9218,'March 23, 2021 - 09:21:00 PM',37,39),(9219,'March 23, 2021 - 09:21:00 PM',30,40),(9220,'March 23, 2021 - 09:21:00 PM',49,29),(9269,'March 23, 2021 - 09:24:00 PM',15,135),(9270,'March 23, 2021 - 09:24:00 PM',40,136),(9271,'March 23, 2021 - 09:24:00 PM',10,37),(9272,'March 23, 2021 - 09:24:00 PM',23,138),(9273,'March 23, 2021 - 09:24:00 PM',6,137),(9274,'March 23, 2021 - 09:24:00 PM',7,34),(9275,'March 23, 2021 - 09:24:00 PM',4,49),(9276,'March 23, 2021 - 09:24:00 PM',21,43),(9277,'March 23, 2021 - 09:24:00 PM',1,44),(9278,'March 23, 2021 - 09:24:00 PM',5,42),(9279,'March 23, 2021 - 09:24:00 PM',17,33),(9280,'March 23, 2021 - 09:24:00 PM',34,36),(9281,'March 23, 2021 - 09:24:00 PM',33,50),(9282,'March 23, 2021 - 09:24:00 PM',16,27),(9283,'March 23, 2021 - 09:24:00 PM',38,30),(9284,'March 23, 2021 - 09:24:00 PM',35,16),(9285,'March 23, 2021 - 09:24:00 PM',8,17),(9286,'March 23, 2021 - 09:24:00 PM',18,18),(9287,'March 23, 2021 - 09:24:00 PM',12,19),(9288,'March 23, 2021 - 09:24:00 PM',36,20),(9289,'March 23, 2021 - 09:24:00 PM',2,21),(9290,'March 23, 2021 - 09:24:00 PM',39,22),(9291,'March 23, 2021 - 09:24:00 PM',31,23),(9292,'March 23, 2021 - 09:24:00 PM',53,24),(9293,'March 23, 2021 - 09:24:00 PM',26,25),(9294,'March 23, 2021 - 09:24:00 PM',50,28),(9295,'March 23, 2021 - 09:24:00 PM',52,38),(9296,'March 23, 2021 - 09:24:00 PM',24,46),(9297,'March 23, 2021 - 09:24:00 PM',25,47),(9298,'March 23, 2021 - 09:24:00 PM',51,7),(9299,'March 23, 2021 - 09:24:00 PM',19,9),(9300,'March 23, 2021 - 09:24:00 PM',2,10),(9301,'March 23, 2021 - 09:24:00 PM',9,11),(9302,'March 23, 2021 - 09:24:00 PM',20,12),(9303,'March 23, 2021 - 09:24:00 PM',21,13),(9304,'March 23, 2021 - 09:24:00 PM',28,14),(9305,'March 23, 2021 - 09:24:00 PM',20,15),(9306,'March 23, 2021 - 09:24:00 PM',27,26),(9307,'March 23, 2021 - 09:24:00 PM',54,31),(9308,'March 23, 2021 - 09:24:00 PM',4,41),(9309,'March 23, 2021 - 09:24:00 PM',14,48),(9310,'March 23, 2021 - 09:24:00 PM',29,2),(9311,'March 23, 2021 - 09:24:00 PM',49,32),(9312,'March 23, 2021 - 09:24:00 PM',22,45),(9313,'March 23, 2021 - 09:24:00 PM',5,6),(9314,'March 23, 2021 - 09:24:00 PM',37,39),(9315,'March 23, 2021 - 09:24:00 PM',30,40),(9316,'March 23, 2021 - 09:24:00 PM',13,29),(9317,'March 24, 2021 - 01:04:00 PM',15,135),(9318,'March 24, 2021 - 01:04:00 PM',40,136),(9319,'March 24, 2021 - 01:04:00 PM',10,37),(9320,'March 24, 2021 - 01:04:00 PM',23,138),(9321,'March 24, 2021 - 01:04:00 PM',6,137),(9322,'March 24, 2021 - 01:04:00 PM',7,34),(9323,'March 24, 2021 - 01:04:00 PM',4,49),(9324,'March 24, 2021 - 01:04:00 PM',21,43),(9325,'March 24, 2021 - 01:04:00 PM',1,44),(9326,'March 24, 2021 - 01:04:00 PM',22,42),(9327,'March 24, 2021 - 01:04:00 PM',17,33),(9328,'March 24, 2021 - 01:04:00 PM',34,36),(9329,'March 24, 2021 - 01:04:00 PM',33,50),(9330,'March 24, 2021 - 01:04:00 PM',16,27),(9331,'March 24, 2021 - 01:04:00 PM',38,30),(9332,'March 24, 2021 - 01:04:00 PM',35,16),(9333,'March 24, 2021 - 01:04:00 PM',8,17),(9334,'March 24, 2021 - 01:04:00 PM',18,18),(9335,'March 24, 2021 - 01:04:00 PM',12,19),(9336,'March 24, 2021 - 01:04:00 PM',36,20),(9337,'March 24, 2021 - 01:04:00 PM',2,21),(9338,'March 24, 2021 - 01:04:00 PM',39,22),(9339,'March 24, 2021 - 01:04:00 PM',31,23),(9340,'March 24, 2021 - 01:04:00 PM',53,24),(9341,'March 24, 2021 - 01:04:00 PM',26,25),(9342,'March 24, 2021 - 01:04:00 PM',50,28),(9343,'March 24, 2021 - 01:04:00 PM',52,38),(9344,'March 24, 2021 - 01:04:00 PM',24,46),(9345,'March 24, 2021 - 01:04:00 PM',25,47),(9346,'March 24, 2021 - 01:04:00 PM',51,7),(9347,'March 24, 2021 - 01:04:00 PM',19,9),(9348,'March 24, 2021 - 01:04:00 PM',19,10),(9349,'March 24, 2021 - 01:04:00 PM',9,11),(9350,'March 24, 2021 - 01:04:00 PM',18,12),(9351,'March 24, 2021 - 01:04:00 PM',14,13),(9352,'March 24, 2021 - 01:04:00 PM',28,14),(9353,'March 24, 2021 - 01:04:00 PM',20,15),(9354,'March 24, 2021 - 01:04:00 PM',27,26),(9355,'March 24, 2021 - 01:04:00 PM',54,31),(9356,'March 24, 2021 - 01:04:00 PM',9,41),(9357,'March 24, 2021 - 01:04:00 PM',14,48),(9358,'March 24, 2021 - 01:04:00 PM',29,2),(9359,'March 24, 2021 - 01:04:00 PM',49,32),(9360,'March 24, 2021 - 01:04:00 PM',22,45),(9361,'March 24, 2021 - 01:04:00 PM',5,6),(9362,'March 24, 2021 - 01:04:00 PM',37,39),(9363,'March 24, 2021 - 01:04:00 PM',30,40),(9364,'March 24, 2021 - 01:04:00 PM',13,29),(9365,'March 29, 2021 - 05:06:00 PM',15,135),(9366,'March 29, 2021 - 05:06:00 PM',40,136),(9367,'March 29, 2021 - 05:06:00 PM',10,37),(9368,'March 29, 2021 - 05:06:00 PM',23,138),(9369,'March 29, 2021 - 05:06:00 PM',6,137),(9370,'March 29, 2021 - 05:06:00 PM',7,34),(9371,'March 29, 2021 - 05:06:00 PM',4,49),(9372,'March 29, 2021 - 05:06:00 PM',21,43),(9373,'March 29, 2021 - 05:06:00 PM',1,44),(9374,'March 29, 2021 - 05:06:00 PM',6,42),(9375,'March 29, 2021 - 05:06:00 PM',17,33),(9376,'March 29, 2021 - 05:06:00 PM',34,36),(9377,'March 29, 2021 - 05:06:00 PM',33,50),(9378,'March 29, 2021 - 05:06:00 PM',16,27),(9379,'March 29, 2021 - 05:06:00 PM',38,30),(9380,'March 29, 2021 - 05:06:00 PM',35,16),(9381,'March 29, 2021 - 05:06:00 PM',8,17),(9382,'March 29, 2021 - 05:06:00 PM',18,18),(9383,'March 29, 2021 - 05:06:00 PM',12,19),(9384,'March 29, 2021 - 05:06:00 PM',36,20),(9385,'March 29, 2021 - 05:06:00 PM',2,21),(9386,'March 29, 2021 - 05:06:00 PM',39,22),(9387,'March 29, 2021 - 05:06:00 PM',31,23),(9388,'March 29, 2021 - 05:06:00 PM',53,24),(9389,'March 29, 2021 - 05:06:00 PM',26,25),(9390,'March 29, 2021 - 05:06:00 PM',50,28),(9391,'March 29, 2021 - 05:06:00 PM',52,38),(9392,'March 29, 2021 - 05:06:00 PM',24,46),(9393,'March 29, 2021 - 05:06:00 PM',25,47),(9394,'March 29, 2021 - 05:06:00 PM',51,7),(9395,'March 29, 2021 - 05:06:00 PM',19,9),(9396,'March 29, 2021 - 05:06:00 PM',16,10),(9397,'March 29, 2021 - 05:06:00 PM',9,11),(9398,'March 29, 2021 - 05:06:00 PM',22,12),(9399,'March 29, 2021 - 05:06:00 PM',22,13),(9400,'March 29, 2021 - 05:06:00 PM',28,14),(9401,'March 29, 2021 - 05:06:00 PM',20,15),(9402,'March 29, 2021 - 05:06:00 PM',27,26),(9403,'March 29, 2021 - 05:06:00 PM',54,31),(9404,'March 29, 2021 - 05:06:00 PM',10,41),(9405,'March 29, 2021 - 05:06:00 PM',14,48),(9406,'March 29, 2021 - 05:06:00 PM',29,2),(9407,'March 29, 2021 - 05:06:00 PM',49,32),(9408,'March 29, 2021 - 05:06:00 PM',22,45),(9409,'March 29, 2021 - 05:06:00 PM',5,6),(9410,'March 29, 2021 - 05:06:00 PM',37,39),(9411,'March 29, 2021 - 05:06:00 PM',30,40),(9412,'March 29, 2021 - 05:06:00 PM',13,29),(9461,'March 31, 2021 - 02:12:00 PM',15,135),(9462,'March 31, 2021 - 02:12:00 PM',40,136),(9463,'March 31, 2021 - 02:12:00 PM',10,37),(9464,'March 31, 2021 - 02:12:00 PM',23,138),(9465,'March 31, 2021 - 02:12:00 PM',6,137),(9466,'March 31, 2021 - 02:12:00 PM',7,34),(9467,'March 31, 2021 - 02:12:00 PM',4,49),(9468,'March 31, 2021 - 02:12:00 PM',21,43),(9469,'March 31, 2021 - 02:12:00 PM',1,44),(9470,'March 31, 2021 - 02:12:00 PM',6,42),(9471,'March 31, 2021 - 02:12:00 PM',17,33),(9472,'March 31, 2021 - 02:12:00 PM',34,36),(9473,'March 31, 2021 - 02:12:00 PM',33,50),(9474,'March 31, 2021 - 02:12:00 PM',16,27),(9475,'March 31, 2021 - 02:12:00 PM',38,30),(9476,'March 31, 2021 - 02:12:00 PM',35,16),(9477,'March 31, 2021 - 02:12:00 PM',8,17),(9478,'March 31, 2021 - 02:12:00 PM',18,18),(9479,'March 31, 2021 - 02:12:00 PM',12,19),(9480,'March 31, 2021 - 02:12:00 PM',36,20),(9481,'March 31, 2021 - 02:12:00 PM',2,21),(9482,'March 31, 2021 - 02:12:00 PM',39,22),(9483,'March 31, 2021 - 02:12:00 PM',31,23),(9484,'March 31, 2021 - 02:12:00 PM',53,24),(9485,'March 31, 2021 - 02:12:00 PM',26,25),(9486,'March 31, 2021 - 02:12:00 PM',50,28),(9487,'March 31, 2021 - 02:12:00 PM',52,38),(9488,'March 31, 2021 - 02:12:00 PM',24,46),(9489,'March 31, 2021 - 02:12:00 PM',25,47),(9490,'March 31, 2021 - 02:12:00 PM',51,7),(9491,'March 31, 2021 - 02:12:00 PM',19,9),(9492,'March 31, 2021 - 02:12:00 PM',35,10),(9493,'March 31, 2021 - 02:12:00 PM',9,11),(9494,'March 31, 2021 - 02:12:00 PM',25,12),(9495,'March 31, 2021 - 02:12:00 PM',20,13),(9496,'March 31, 2021 - 02:12:00 PM',28,14),(9497,'March 31, 2021 - 02:12:00 PM',20,15),(9498,'March 31, 2021 - 02:12:00 PM',27,26),(9499,'March 31, 2021 - 02:12:00 PM',54,31),(9500,'March 31, 2021 - 02:12:00 PM',21,41),(9501,'March 31, 2021 - 02:12:00 PM',14,48),(9502,'March 31, 2021 - 02:12:00 PM',29,2),(9503,'March 31, 2021 - 02:12:00 PM',49,32),(9504,'March 31, 2021 - 02:12:00 PM',22,45),(9505,'March 31, 2021 - 02:12:00 PM',15,6),(9506,'March 31, 2021 - 02:12:00 PM',37,39),(9507,'March 31, 2021 - 02:12:00 PM',30,40),(9508,'March 31, 2021 - 02:12:00 PM',13,29),(9509,'March 31, 2021 - 04:35:00 PM',15,135),(9510,'March 31, 2021 - 04:35:00 PM',40,136),(9511,'March 31, 2021 - 04:35:00 PM',10,37),(9512,'March 31, 2021 - 04:35:00 PM',23,138),(9513,'March 31, 2021 - 04:35:00 PM',6,137),(9514,'March 31, 2021 - 04:35:00 PM',7,34),(9515,'March 31, 2021 - 04:35:00 PM',4,49),(9516,'March 31, 2021 - 04:35:00 PM',21,43),(9517,'March 31, 2021 - 04:35:00 PM',1,44),(9518,'March 31, 2021 - 04:35:00 PM',35,42),(9519,'March 31, 2021 - 04:35:00 PM',17,33),(9520,'March 31, 2021 - 04:35:00 PM',34,36),(9521,'March 31, 2021 - 04:35:00 PM',33,50),(9522,'March 31, 2021 - 04:35:00 PM',16,27),(9523,'March 31, 2021 - 04:35:00 PM',38,30),(9524,'March 31, 2021 - 04:35:00 PM',35,16),(9525,'March 31, 2021 - 04:35:00 PM',8,17),(9526,'March 31, 2021 - 04:35:00 PM',18,18),(9527,'March 31, 2021 - 04:35:00 PM',12,19),(9528,'March 31, 2021 - 04:35:00 PM',36,20),(9529,'March 31, 2021 - 04:35:00 PM',2,21),(9530,'March 31, 2021 - 04:35:00 PM',39,22),(9531,'March 31, 2021 - 04:35:00 PM',31,23),(9532,'March 31, 2021 - 04:35:00 PM',53,24),(9533,'March 31, 2021 - 04:35:00 PM',26,25),(9534,'March 31, 2021 - 04:35:00 PM',50,28),(9535,'March 31, 2021 - 04:35:00 PM',52,38),(9536,'March 31, 2021 - 04:35:00 PM',24,46),(9537,'March 31, 2021 - 04:35:00 PM',25,47),(9538,'March 31, 2021 - 04:35:00 PM',51,7),(9539,'March 31, 2021 - 04:35:00 PM',19,9),(9540,'March 31, 2021 - 04:35:00 PM',5,10),(9541,'March 31, 2021 - 04:35:00 PM',9,11),(9542,'March 31, 2021 - 04:35:00 PM',21,12),(9543,'March 31, 2021 - 04:35:00 PM',22,13),(9544,'March 31, 2021 - 04:35:00 PM',28,14),(9545,'March 31, 2021 - 04:35:00 PM',20,15),(9546,'March 31, 2021 - 04:35:00 PM',27,26),(9547,'March 31, 2021 - 04:35:00 PM',54,31),(9548,'March 31, 2021 - 04:35:00 PM',1,41),(9549,'March 31, 2021 - 04:35:00 PM',14,48),(9550,'March 31, 2021 - 04:35:00 PM',29,2),(9551,'March 31, 2021 - 04:35:00 PM',49,32),(9552,'March 31, 2021 - 04:35:00 PM',22,45),(9553,'March 31, 2021 - 04:35:00 PM',5,6),(9554,'March 31, 2021 - 04:35:00 PM',37,39),(9555,'March 31, 2021 - 04:35:00 PM',30,40),(9556,'March 31, 2021 - 04:35:00 PM',13,29),(9557,'March 31, 2021 - 04:43:00 PM',15,135),(9558,'March 31, 2021 - 04:43:00 PM',40,136),(9559,'March 31, 2021 - 04:43:00 PM',10,37),(9560,'March 31, 2021 - 04:43:00 PM',23,138),(9561,'March 31, 2021 - 04:43:00 PM',6,137),(9562,'March 31, 2021 - 04:43:00 PM',7,34),(9563,'March 31, 2021 - 04:43:00 PM',4,49),(9564,'March 31, 2021 - 04:43:00 PM',21,43),(9565,'March 31, 2021 - 04:43:00 PM',1,44),(9566,'March 31, 2021 - 04:43:00 PM',35,42),(9567,'March 31, 2021 - 04:43:00 PM',17,33),(9568,'March 31, 2021 - 04:43:00 PM',34,36),(9569,'March 31, 2021 - 04:43:00 PM',33,50),(9570,'March 31, 2021 - 04:43:00 PM',16,27),(9571,'March 31, 2021 - 04:43:00 PM',38,30),(9572,'March 31, 2021 - 04:43:00 PM',35,16),(9573,'March 31, 2021 - 04:43:00 PM',8,17),(9574,'March 31, 2021 - 04:43:00 PM',18,18),(9575,'March 31, 2021 - 04:43:00 PM',12,19),(9576,'March 31, 2021 - 04:43:00 PM',36,20),(9577,'March 31, 2021 - 04:43:00 PM',2,21),(9578,'March 31, 2021 - 04:43:00 PM',39,22),(9579,'March 31, 2021 - 04:43:00 PM',31,23),(9580,'March 31, 2021 - 04:43:00 PM',53,24),(9581,'March 31, 2021 - 04:43:00 PM',26,25),(9582,'March 31, 2021 - 04:43:00 PM',50,28),(9583,'March 31, 2021 - 04:43:00 PM',52,38),(9584,'March 31, 2021 - 04:43:00 PM',24,46),(9585,'March 31, 2021 - 04:43:00 PM',25,47),(9586,'March 31, 2021 - 04:43:00 PM',51,7),(9587,'March 31, 2021 - 04:43:00 PM',19,9),(9588,'March 31, 2021 - 04:43:00 PM',2,10),(9589,'March 31, 2021 - 04:43:00 PM',9,11),(9590,'March 31, 2021 - 04:43:00 PM',22,12),(9591,'March 31, 2021 - 04:43:00 PM',20,13),(9592,'March 31, 2021 - 04:43:00 PM',28,14),(9593,'March 31, 2021 - 04:43:00 PM',20,15),(9594,'March 31, 2021 - 04:43:00 PM',27,26),(9595,'March 31, 2021 - 04:43:00 PM',54,31),(9596,'March 31, 2021 - 04:43:00 PM',24,41),(9597,'March 31, 2021 - 04:43:00 PM',14,48),(9598,'March 31, 2021 - 04:43:00 PM',29,2),(9599,'March 31, 2021 - 04:43:00 PM',49,32),(9600,'March 31, 2021 - 04:43:00 PM',22,45),(9601,'March 31, 2021 - 04:43:00 PM',5,6),(9602,'March 31, 2021 - 04:43:00 PM',37,39),(9603,'March 31, 2021 - 04:43:00 PM',30,40),(9604,'March 31, 2021 - 04:43:00 PM',13,29),(9605,'March 31, 2021 - 05:10:00 PM',15,135),(9606,'March 31, 2021 - 05:10:00 PM',40,136),(9607,'March 31, 2021 - 05:10:00 PM',10,37),(9608,'March 31, 2021 - 05:10:00 PM',23,138),(9609,'March 31, 2021 - 05:10:00 PM',6,137),(9610,'March 31, 2021 - 05:10:00 PM',7,34),(9611,'March 31, 2021 - 05:10:00 PM',4,49),(9612,'March 31, 2021 - 05:10:00 PM',21,43),(9613,'March 31, 2021 - 05:10:00 PM',1,44),(9614,'March 31, 2021 - 05:10:00 PM',32,42),(9615,'March 31, 2021 - 05:10:00 PM',17,33),(9616,'March 31, 2021 - 05:10:00 PM',34,36),(9617,'March 31, 2021 - 05:10:00 PM',33,50),(9618,'March 31, 2021 - 05:10:00 PM',16,27),(9619,'March 31, 2021 - 05:10:00 PM',38,30),(9620,'March 31, 2021 - 05:10:00 PM',35,16),(9621,'March 31, 2021 - 05:10:00 PM',8,17),(9622,'March 31, 2021 - 05:10:00 PM',18,18),(9623,'March 31, 2021 - 05:10:00 PM',12,19),(9624,'March 31, 2021 - 05:10:00 PM',36,20),(9625,'March 31, 2021 - 05:10:00 PM',2,21),(9626,'March 31, 2021 - 05:10:00 PM',39,22),(9627,'March 31, 2021 - 05:10:00 PM',31,23),(9628,'March 31, 2021 - 05:10:00 PM',53,24),(9629,'March 31, 2021 - 05:10:00 PM',26,25),(9630,'March 31, 2021 - 05:10:00 PM',50,28),(9631,'March 31, 2021 - 05:10:00 PM',52,38),(9632,'March 31, 2021 - 05:10:00 PM',24,46),(9633,'March 31, 2021 - 05:10:00 PM',25,47),(9634,'March 31, 2021 - 05:10:00 PM',51,7),(9635,'March 31, 2021 - 05:10:00 PM',19,9),(9636,'March 31, 2021 - 05:10:00 PM',5,10),(9637,'March 31, 2021 - 05:10:00 PM',9,11),(9638,'March 31, 2021 - 05:10:00 PM',21,12),(9639,'March 31, 2021 - 05:10:00 PM',21,13),(9640,'March 31, 2021 - 05:10:00 PM',28,14),(9641,'March 31, 2021 - 05:10:00 PM',20,15),(9642,'March 31, 2021 - 05:10:00 PM',27,26),(9643,'March 31, 2021 - 05:10:00 PM',54,31),(9644,'March 31, 2021 - 05:10:00 PM',25,41),(9645,'March 31, 2021 - 05:10:00 PM',14,48),(9646,'March 31, 2021 - 05:10:00 PM',29,2),(9647,'March 31, 2021 - 05:10:00 PM',49,32),(9648,'March 31, 2021 - 05:10:00 PM',22,45),(9649,'March 31, 2021 - 05:10:00 PM',5,6),(9650,'March 31, 2021 - 05:10:00 PM',37,39),(9651,'March 31, 2021 - 05:10:00 PM',30,40),(9652,'March 31, 2021 - 05:10:00 PM',13,29),(9653,'March 31, 2021 - 05:21:00 PM',15,135),(9654,'March 31, 2021 - 05:21:00 PM',40,136),(9655,'March 31, 2021 - 05:21:00 PM',10,37),(9656,'March 31, 2021 - 05:21:00 PM',23,138),(9657,'March 31, 2021 - 05:21:00 PM',6,137),(9658,'March 31, 2021 - 05:21:00 PM',1,34),(9659,'March 31, 2021 - 05:21:00 PM',4,49),(9660,'March 31, 2021 - 05:21:00 PM',21,43),(9661,'March 31, 2021 - 05:21:00 PM',42,44),(9662,'March 31, 2021 - 05:21:00 PM',47,42),(9663,'March 31, 2021 - 05:21:00 PM',17,33),(9664,'March 31, 2021 - 05:21:00 PM',34,36),(9665,'March 31, 2021 - 05:21:00 PM',43,50),(9666,'March 31, 2021 - 05:21:00 PM',16,27),(9667,'March 31, 2021 - 05:21:00 PM',38,30),(9668,'March 31, 2021 - 05:21:00 PM',35,16),(9669,'March 31, 2021 - 05:21:00 PM',8,17),(9670,'March 31, 2021 - 05:21:00 PM',31,18),(9671,'March 31, 2021 - 05:21:00 PM',50,19),(9672,'March 31, 2021 - 05:21:00 PM',36,20),(9673,'March 31, 2021 - 05:21:00 PM',2,21),(9674,'March 31, 2021 - 05:21:00 PM',39,22),(9675,'March 31, 2021 - 05:21:00 PM',53,23),(9676,'March 31, 2021 - 05:21:00 PM',12,24),(9677,'March 31, 2021 - 05:21:00 PM',26,25),(9678,'March 31, 2021 - 05:21:00 PM',44,28),(9679,'March 31, 2021 - 05:21:00 PM',7,38),(9680,'March 31, 2021 - 05:21:00 PM',52,46),(9681,'March 31, 2021 - 05:21:00 PM',25,47),(9682,'March 31, 2021 - 05:21:00 PM',51,7),(9683,'March 31, 2021 - 05:21:00 PM',19,9),(9684,'March 31, 2021 - 05:21:00 PM',46,10),(9685,'March 31, 2021 - 05:21:00 PM',9,11),(9686,'March 31, 2021 - 05:21:00 PM',33,12),(9687,'March 31, 2021 - 05:21:00 PM',28,13),(9688,'March 31, 2021 - 05:21:00 PM',18,14),(9689,'March 31, 2021 - 05:21:00 PM',45,15),(9690,'March 31, 2021 - 05:21:00 PM',27,26),(9691,'March 31, 2021 - 05:21:00 PM',20,31),(9692,'March 31, 2021 - 05:21:00 PM',24,41),(9693,'March 31, 2021 - 05:21:00 PM',14,48),(9694,'March 31, 2021 - 05:21:00 PM',29,2),(9695,'March 31, 2021 - 05:21:00 PM',49,32),(9696,'March 31, 2021 - 05:21:00 PM',22,45),(9697,'March 31, 2021 - 05:21:00 PM',5,6),(9698,'March 31, 2021 - 05:21:00 PM',37,39),(9699,'March 31, 2021 - 05:21:00 PM',30,40),(9700,'March 31, 2021 - 05:21:00 PM',13,29),(9701,'March 31, 2021 - 05:46:00 PM',15,135),(9702,'March 31, 2021 - 05:46:00 PM',40,136),(9703,'March 31, 2021 - 05:46:00 PM',10,37),(9704,'March 31, 2021 - 05:46:00 PM',23,138),(9705,'March 31, 2021 - 05:46:00 PM',6,137),(9706,'March 31, 2021 - 05:46:00 PM',1,34),(9707,'March 31, 2021 - 05:46:00 PM',4,49),(9708,'March 31, 2021 - 05:46:00 PM',21,43),(9709,'March 31, 2021 - 05:46:00 PM',42,44),(9710,'March 31, 2021 - 05:46:00 PM',47,42),(9711,'March 31, 2021 - 05:46:00 PM',17,33),(9712,'March 31, 2021 - 05:46:00 PM',34,36),(9713,'March 31, 2021 - 05:46:00 PM',43,50),(9714,'March 31, 2021 - 05:46:00 PM',16,27),(9715,'March 31, 2021 - 05:46:00 PM',38,30),(9716,'March 31, 2021 - 05:46:00 PM',35,16),(9717,'March 31, 2021 - 05:46:00 PM',8,17),(9718,'March 31, 2021 - 05:46:00 PM',31,18),(9719,'March 31, 2021 - 05:46:00 PM',50,19),(9720,'March 31, 2021 - 05:46:00 PM',36,20),(9721,'March 31, 2021 - 05:46:00 PM',2,21),(9722,'March 31, 2021 - 05:46:00 PM',39,22),(9723,'March 31, 2021 - 05:46:00 PM',53,23),(9724,'March 31, 2021 - 05:46:00 PM',12,24),(9725,'March 31, 2021 - 05:46:00 PM',26,25),(9726,'March 31, 2021 - 05:46:00 PM',44,28),(9727,'March 31, 2021 - 05:46:00 PM',7,38),(9728,'March 31, 2021 - 05:46:00 PM',52,46),(9729,'March 31, 2021 - 05:46:00 PM',25,47),(9730,'March 31, 2021 - 05:46:00 PM',51,7),(9731,'March 31, 2021 - 05:46:00 PM',19,9),(9732,'March 31, 2021 - 05:46:00 PM',46,10),(9733,'March 31, 2021 - 05:46:00 PM',9,11),(9734,'March 31, 2021 - 05:46:00 PM',33,12),(9735,'March 31, 2021 - 05:46:00 PM',28,13),(9736,'March 31, 2021 - 05:46:00 PM',18,14),(9737,'March 31, 2021 - 05:46:00 PM',45,15),(9738,'March 31, 2021 - 05:46:00 PM',27,26),(9739,'March 31, 2021 - 05:46:00 PM',20,31),(9740,'March 31, 2021 - 05:46:00 PM',24,41),(9741,'March 31, 2021 - 05:46:00 PM',14,48),(9742,'March 31, 2021 - 05:46:00 PM',29,2),(9743,'March 31, 2021 - 05:46:00 PM',49,32),(9744,'March 31, 2021 - 05:46:00 PM',22,45),(9745,'March 31, 2021 - 05:46:00 PM',5,6),(9746,'March 31, 2021 - 05:46:00 PM',37,39),(9747,'March 31, 2021 - 05:46:00 PM',30,40),(9748,'March 31, 2021 - 05:46:00 PM',13,29),(9749,'March 31, 2021 - 05:49:00 PM',15,135),(9750,'March 31, 2021 - 05:49:00 PM',40,136),(9751,'March 31, 2021 - 05:49:00 PM',10,37),(9752,'March 31, 2021 - 05:49:00 PM',23,138),(9753,'March 31, 2021 - 05:49:00 PM',6,137),(9754,'March 31, 2021 - 05:49:00 PM',1,34),(9755,'March 31, 2021 - 05:49:00 PM',4,49),(9756,'March 31, 2021 - 05:49:00 PM',21,43),(9757,'March 31, 2021 - 05:49:00 PM',42,44),(9758,'March 31, 2021 - 05:49:00 PM',47,42),(9759,'March 31, 2021 - 05:49:00 PM',17,33),(9760,'March 31, 2021 - 05:49:00 PM',34,36),(9761,'March 31, 2021 - 05:49:00 PM',43,50),(9762,'March 31, 2021 - 05:49:00 PM',16,27),(9763,'March 31, 2021 - 05:49:00 PM',38,30),(9764,'March 31, 2021 - 05:49:00 PM',35,16),(9765,'March 31, 2021 - 05:49:00 PM',8,17),(9766,'March 31, 2021 - 05:49:00 PM',31,18),(9767,'March 31, 2021 - 05:49:00 PM',50,19),(9768,'March 31, 2021 - 05:49:00 PM',36,20),(9769,'March 31, 2021 - 05:49:00 PM',2,21),(9770,'March 31, 2021 - 05:49:00 PM',39,22),(9771,'March 31, 2021 - 05:49:00 PM',53,23),(9772,'March 31, 2021 - 05:49:00 PM',12,24),(9773,'March 31, 2021 - 05:49:00 PM',26,25),(9774,'March 31, 2021 - 05:49:00 PM',44,28),(9775,'March 31, 2021 - 05:49:00 PM',7,38),(9776,'March 31, 2021 - 05:49:00 PM',52,46),(9777,'March 31, 2021 - 05:49:00 PM',25,47),(9778,'March 31, 2021 - 05:49:00 PM',51,7),(9779,'March 31, 2021 - 05:49:00 PM',19,9),(9780,'March 31, 2021 - 05:49:00 PM',46,10),(9781,'March 31, 2021 - 05:49:00 PM',9,11),(9782,'March 31, 2021 - 05:49:00 PM',33,12),(9783,'March 31, 2021 - 05:49:00 PM',28,13),(9784,'March 31, 2021 - 05:49:00 PM',18,14),(9785,'March 31, 2021 - 05:49:00 PM',45,15),(9786,'March 31, 2021 - 05:49:00 PM',27,26),(9787,'March 31, 2021 - 05:49:00 PM',20,31),(9788,'March 31, 2021 - 05:49:00 PM',24,41),(9789,'March 31, 2021 - 05:49:00 PM',14,48),(9790,'March 31, 2021 - 05:49:00 PM',29,2),(9791,'March 31, 2021 - 05:49:00 PM',49,32),(9792,'March 31, 2021 - 05:49:00 PM',22,45),(9793,'March 31, 2021 - 05:49:00 PM',5,6),(9794,'March 31, 2021 - 05:49:00 PM',37,39),(9795,'March 31, 2021 - 05:49:00 PM',30,40),(9796,'March 31, 2021 - 05:49:00 PM',13,29),(9797,'March 31, 2021 - 06:13:00 PM',15,135),(9798,'March 31, 2021 - 06:13:00 PM',40,136),(9799,'March 31, 2021 - 06:13:00 PM',10,37),(9800,'March 31, 2021 - 06:13:00 PM',23,138),(9801,'March 31, 2021 - 06:13:00 PM',6,137),(9802,'March 31, 2021 - 06:13:00 PM',1,34),(9803,'March 31, 2021 - 06:13:00 PM',4,49),(9804,'March 31, 2021 - 06:13:00 PM',21,43),(9805,'March 31, 2021 - 06:13:00 PM',42,44),(9806,'March 31, 2021 - 06:13:00 PM',47,42),(9807,'March 31, 2021 - 06:13:00 PM',17,33),(9808,'March 31, 2021 - 06:13:00 PM',34,36),(9809,'March 31, 2021 - 06:13:00 PM',43,50),(9810,'March 31, 2021 - 06:13:00 PM',16,27),(9811,'March 31, 2021 - 06:13:00 PM',38,30),(9812,'March 31, 2021 - 06:13:00 PM',35,16),(9813,'March 31, 2021 - 06:13:00 PM',8,17),(9814,'March 31, 2021 - 06:13:00 PM',31,18),(9815,'March 31, 2021 - 06:13:00 PM',50,19),(9816,'March 31, 2021 - 06:13:00 PM',36,20),(9817,'March 31, 2021 - 06:13:00 PM',2,21),(9818,'March 31, 2021 - 06:13:00 PM',39,22),(9819,'March 31, 2021 - 06:13:00 PM',53,23),(9820,'March 31, 2021 - 06:13:00 PM',12,24),(9821,'March 31, 2021 - 06:13:00 PM',26,25),(9822,'March 31, 2021 - 06:13:00 PM',44,28),(9823,'March 31, 2021 - 06:13:00 PM',7,38),(9824,'March 31, 2021 - 06:13:00 PM',52,46),(9825,'March 31, 2021 - 06:13:00 PM',25,47),(9826,'March 31, 2021 - 06:13:00 PM',51,7),(9827,'March 31, 2021 - 06:13:00 PM',19,9),(9828,'March 31, 2021 - 06:13:00 PM',46,10),(9829,'March 31, 2021 - 06:13:00 PM',9,11),(9830,'March 31, 2021 - 06:13:00 PM',33,12),(9831,'March 31, 2021 - 06:13:00 PM',28,13),(9832,'March 31, 2021 - 06:13:00 PM',18,14),(9833,'March 31, 2021 - 06:13:00 PM',45,15),(9834,'March 31, 2021 - 06:13:00 PM',27,26),(9835,'March 31, 2021 - 06:13:00 PM',20,31),(9836,'March 31, 2021 - 06:13:00 PM',24,41),(9837,'March 31, 2021 - 06:13:00 PM',14,48),(9838,'March 31, 2021 - 06:13:00 PM',29,2),(9839,'March 31, 2021 - 06:13:00 PM',49,32),(9840,'March 31, 2021 - 06:13:00 PM',22,45),(9841,'March 31, 2021 - 06:13:00 PM',5,6),(9842,'March 31, 2021 - 06:13:00 PM',37,39),(9843,'March 31, 2021 - 06:13:00 PM',30,40),(9844,'March 31, 2021 - 06:13:00 PM',13,29),(9845,'March 31, 2021 - 06:14:00 PM',15,135),(9846,'March 31, 2021 - 06:14:00 PM',40,136),(9847,'March 31, 2021 - 06:14:00 PM',10,37),(9848,'March 31, 2021 - 06:14:00 PM',23,138),(9849,'March 31, 2021 - 06:14:00 PM',6,137),(9850,'March 31, 2021 - 06:14:00 PM',1,34),(9851,'March 31, 2021 - 06:14:00 PM',4,49),(9852,'March 31, 2021 - 06:14:00 PM',21,43),(9853,'March 31, 2021 - 06:14:00 PM',42,44),(9854,'March 31, 2021 - 06:14:00 PM',47,42),(9855,'March 31, 2021 - 06:14:00 PM',17,33),(9856,'March 31, 2021 - 06:14:00 PM',34,36),(9857,'March 31, 2021 - 06:14:00 PM',43,50),(9858,'March 31, 2021 - 06:14:00 PM',16,27),(9859,'March 31, 2021 - 06:14:00 PM',38,30),(9860,'March 31, 2021 - 06:14:00 PM',35,16),(9861,'March 31, 2021 - 06:14:00 PM',8,17),(9862,'March 31, 2021 - 06:14:00 PM',31,18),(9863,'March 31, 2021 - 06:14:00 PM',50,19),(9864,'March 31, 2021 - 06:14:00 PM',36,20),(9865,'March 31, 2021 - 06:14:00 PM',2,21),(9866,'March 31, 2021 - 06:14:00 PM',39,22),(9867,'March 31, 2021 - 06:14:00 PM',53,23),(9868,'March 31, 2021 - 06:14:00 PM',12,24),(9869,'March 31, 2021 - 06:14:00 PM',26,25),(9870,'March 31, 2021 - 06:14:00 PM',44,28),(9871,'March 31, 2021 - 06:14:00 PM',7,38),(9872,'March 31, 2021 - 06:14:00 PM',52,46),(9873,'March 31, 2021 - 06:14:00 PM',25,47),(9874,'March 31, 2021 - 06:14:00 PM',51,7),(9875,'March 31, 2021 - 06:14:00 PM',19,9),(9876,'March 31, 2021 - 06:14:00 PM',46,10),(9877,'March 31, 2021 - 06:14:00 PM',9,11),(9878,'March 31, 2021 - 06:14:00 PM',33,12),(9879,'March 31, 2021 - 06:14:00 PM',28,13),(9880,'March 31, 2021 - 06:14:00 PM',18,14),(9881,'March 31, 2021 - 06:14:00 PM',45,15),(9882,'March 31, 2021 - 06:14:00 PM',27,26),(9883,'March 31, 2021 - 06:14:00 PM',20,31),(9884,'March 31, 2021 - 06:14:00 PM',24,41),(9885,'March 31, 2021 - 06:14:00 PM',14,48),(9886,'March 31, 2021 - 06:14:00 PM',29,2),(9887,'March 31, 2021 - 06:14:00 PM',49,32),(9888,'March 31, 2021 - 06:14:00 PM',22,45),(9889,'March 31, 2021 - 06:14:00 PM',5,6),(9890,'March 31, 2021 - 06:14:00 PM',37,39),(9891,'March 31, 2021 - 06:14:00 PM',30,40),(9892,'March 31, 2021 - 06:14:00 PM',13,29),(9893,'March 31, 2021 - 06:28:00 PM',15,135),(9894,'March 31, 2021 - 06:28:00 PM',40,136),(9895,'March 31, 2021 - 06:28:00 PM',10,37),(9896,'March 31, 2021 - 06:28:00 PM',23,138),(9897,'March 31, 2021 - 06:28:00 PM',6,137),(9898,'March 31, 2021 - 06:28:00 PM',1,34),(9899,'March 31, 2021 - 06:28:00 PM',4,49),(9900,'March 31, 2021 - 06:28:00 PM',21,43),(9901,'March 31, 2021 - 06:28:00 PM',42,44),(9902,'March 31, 2021 - 06:28:00 PM',47,42),(9903,'March 31, 2021 - 06:28:00 PM',17,33),(9904,'March 31, 2021 - 06:28:00 PM',34,36),(9905,'March 31, 2021 - 06:28:00 PM',43,50),(9906,'March 31, 2021 - 06:28:00 PM',16,27),(9907,'March 31, 2021 - 06:28:00 PM',38,30),(9908,'March 31, 2021 - 06:28:00 PM',35,16),(9909,'March 31, 2021 - 06:28:00 PM',8,17),(9910,'March 31, 2021 - 06:28:00 PM',31,18),(9911,'March 31, 2021 - 06:28:00 PM',50,19),(9912,'March 31, 2021 - 06:28:00 PM',36,20),(9913,'March 31, 2021 - 06:28:00 PM',2,21),(9914,'March 31, 2021 - 06:28:00 PM',39,22),(9915,'March 31, 2021 - 06:28:00 PM',53,23),(9916,'March 31, 2021 - 06:28:00 PM',12,24),(9917,'March 31, 2021 - 06:28:00 PM',26,25),(9918,'March 31, 2021 - 06:28:00 PM',44,28),(9919,'March 31, 2021 - 06:28:00 PM',7,38),(9920,'March 31, 2021 - 06:28:00 PM',52,46),(9921,'March 31, 2021 - 06:28:00 PM',25,47),(9922,'March 31, 2021 - 06:28:00 PM',51,7),(9923,'March 31, 2021 - 06:28:00 PM',19,9),(9924,'March 31, 2021 - 06:28:00 PM',46,10),(9925,'March 31, 2021 - 06:28:00 PM',9,11),(9926,'March 31, 2021 - 06:28:00 PM',33,12),(9927,'March 31, 2021 - 06:28:00 PM',28,13),(9928,'March 31, 2021 - 06:28:00 PM',18,14),(9929,'March 31, 2021 - 06:28:00 PM',45,15),(9930,'March 31, 2021 - 06:28:00 PM',27,26),(9931,'March 31, 2021 - 06:28:00 PM',20,31),(9932,'March 31, 2021 - 06:28:00 PM',24,41),(9933,'March 31, 2021 - 06:28:00 PM',14,48),(9934,'March 31, 2021 - 06:28:00 PM',29,2),(9935,'March 31, 2021 - 06:28:00 PM',49,32),(9936,'March 31, 2021 - 06:28:00 PM',22,45),(9937,'March 31, 2021 - 06:28:00 PM',5,6),(9938,'March 31, 2021 - 06:28:00 PM',37,39),(9939,'March 31, 2021 - 06:28:00 PM',30,40),(9940,'March 31, 2021 - 06:28:00 PM',13,29),(9941,'March 31, 2021 - 06:30:00 PM',15,135),(9942,'March 31, 2021 - 06:30:00 PM',40,136),(9943,'March 31, 2021 - 06:30:00 PM',10,37),(9944,'March 31, 2021 - 06:30:00 PM',23,138),(9945,'March 31, 2021 - 06:30:00 PM',6,137),(9946,'March 31, 2021 - 06:30:00 PM',1,34),(9947,'March 31, 2021 - 06:30:00 PM',4,49),(9948,'March 31, 2021 - 06:30:00 PM',21,43),(9949,'March 31, 2021 - 06:30:00 PM',42,44),(9950,'March 31, 2021 - 06:30:00 PM',47,42),(9951,'March 31, 2021 - 06:30:00 PM',17,33),(9952,'March 31, 2021 - 06:30:00 PM',34,36),(9953,'March 31, 2021 - 06:30:00 PM',43,50),(9954,'March 31, 2021 - 06:30:00 PM',16,27),(9955,'March 31, 2021 - 06:30:00 PM',38,30),(9956,'March 31, 2021 - 06:30:00 PM',35,16),(9957,'March 31, 2021 - 06:30:00 PM',8,17),(9958,'March 31, 2021 - 06:30:00 PM',31,18),(9959,'March 31, 2021 - 06:30:00 PM',50,19),(9960,'March 31, 2021 - 06:30:00 PM',36,20),(9961,'March 31, 2021 - 06:30:00 PM',2,21),(9962,'March 31, 2021 - 06:30:00 PM',39,22),(9963,'March 31, 2021 - 06:30:00 PM',53,23),(9964,'March 31, 2021 - 06:30:00 PM',12,24),(9965,'March 31, 2021 - 06:30:00 PM',26,25),(9966,'March 31, 2021 - 06:30:00 PM',44,28),(9967,'March 31, 2021 - 06:30:00 PM',7,38),(9968,'March 31, 2021 - 06:30:00 PM',52,46),(9969,'March 31, 2021 - 06:30:00 PM',25,47),(9970,'March 31, 2021 - 06:30:00 PM',51,7),(9971,'March 31, 2021 - 06:30:00 PM',19,9),(9972,'March 31, 2021 - 06:30:00 PM',46,10),(9973,'March 31, 2021 - 06:30:00 PM',9,11),(9974,'March 31, 2021 - 06:30:00 PM',33,12),(9975,'March 31, 2021 - 06:30:00 PM',28,13),(9976,'March 31, 2021 - 06:30:00 PM',18,14),(9977,'March 31, 2021 - 06:30:00 PM',45,15),(9978,'March 31, 2021 - 06:30:00 PM',27,26),(9979,'March 31, 2021 - 06:30:00 PM',20,31),(9980,'March 31, 2021 - 06:30:00 PM',24,41),(9981,'March 31, 2021 - 06:30:00 PM',14,48),(9982,'March 31, 2021 - 06:30:00 PM',29,2),(9983,'March 31, 2021 - 06:30:00 PM',49,32),(9984,'March 31, 2021 - 06:30:00 PM',22,45),(9985,'March 31, 2021 - 06:30:00 PM',5,6),(9986,'March 31, 2021 - 06:30:00 PM',37,39),(9987,'March 31, 2021 - 06:30:00 PM',30,40),(9988,'March 31, 2021 - 06:30:00 PM',13,29),(9989,'March 31, 2021 - 06:44:00 PM',15,135),(9990,'March 31, 2021 - 06:44:00 PM',40,136),(9991,'March 31, 2021 - 06:44:00 PM',10,37),(9992,'March 31, 2021 - 06:44:00 PM',23,138),(9993,'March 31, 2021 - 06:44:00 PM',6,137),(9994,'March 31, 2021 - 06:44:00 PM',1,34),(9995,'March 31, 2021 - 06:44:00 PM',4,49),(9996,'March 31, 2021 - 06:44:00 PM',21,43),(9997,'March 31, 2021 - 06:44:00 PM',42,44),(9998,'March 31, 2021 - 06:44:00 PM',47,42),(9999,'March 31, 2021 - 06:44:00 PM',17,33),(10000,'March 31, 2021 - 06:44:00 PM',34,36),(10001,'March 31, 2021 - 06:44:00 PM',43,50),(10002,'March 31, 2021 - 06:44:00 PM',16,27),(10003,'March 31, 2021 - 06:44:00 PM',38,30),(10004,'March 31, 2021 - 06:44:00 PM',35,16),(10005,'March 31, 2021 - 06:44:00 PM',8,17),(10006,'March 31, 2021 - 06:44:00 PM',31,18),(10007,'March 31, 2021 - 06:44:00 PM',50,19),(10008,'March 31, 2021 - 06:44:00 PM',36,20),(10009,'March 31, 2021 - 06:44:00 PM',2,21),(10010,'March 31, 2021 - 06:44:00 PM',39,22),(10011,'March 31, 2021 - 06:44:00 PM',53,23),(10012,'March 31, 2021 - 06:44:00 PM',12,24),(10013,'March 31, 2021 - 06:44:00 PM',26,25),(10014,'March 31, 2021 - 06:44:00 PM',44,28),(10015,'March 31, 2021 - 06:44:00 PM',7,38),(10016,'March 31, 2021 - 06:44:00 PM',52,46),(10017,'March 31, 2021 - 06:44:00 PM',25,47),(10018,'March 31, 2021 - 06:44:00 PM',51,7),(10019,'March 31, 2021 - 06:44:00 PM',19,9),(10020,'March 31, 2021 - 06:44:00 PM',46,10),(10021,'March 31, 2021 - 06:44:00 PM',9,11),(10022,'March 31, 2021 - 06:44:00 PM',33,12),(10023,'March 31, 2021 - 06:44:00 PM',28,13),(10024,'March 31, 2021 - 06:44:00 PM',18,14),(10025,'March 31, 2021 - 06:44:00 PM',45,15),(10026,'March 31, 2021 - 06:44:00 PM',27,26),(10027,'March 31, 2021 - 06:44:00 PM',20,31),(10028,'March 31, 2021 - 06:44:00 PM',24,41),(10029,'March 31, 2021 - 06:44:00 PM',14,48),(10030,'March 31, 2021 - 06:44:00 PM',29,2),(10031,'March 31, 2021 - 06:44:00 PM',49,32),(10032,'March 31, 2021 - 06:44:00 PM',22,45),(10033,'March 31, 2021 - 06:44:00 PM',5,6),(10034,'March 31, 2021 - 06:44:00 PM',37,39),(10035,'March 31, 2021 - 06:44:00 PM',30,40),(10036,'March 31, 2021 - 06:44:00 PM',13,29),(10037,'March 31, 2021 - 06:52:00 PM',15,135),(10038,'March 31, 2021 - 06:52:00 PM',40,136),(10039,'March 31, 2021 - 06:52:00 PM',10,37),(10040,'March 31, 2021 - 06:52:00 PM',23,138),(10041,'March 31, 2021 - 06:52:00 PM',6,137),(10042,'March 31, 2021 - 06:52:00 PM',1,34),(10043,'March 31, 2021 - 06:52:00 PM',4,49),(10044,'March 31, 2021 - 06:52:00 PM',21,43),(10045,'March 31, 2021 - 06:52:00 PM',42,44),(10046,'March 31, 2021 - 06:52:00 PM',47,42),(10047,'March 31, 2021 - 06:52:00 PM',17,33),(10048,'March 31, 2021 - 06:52:00 PM',34,36),(10049,'March 31, 2021 - 06:52:00 PM',43,50),(10050,'March 31, 2021 - 06:52:00 PM',16,27),(10051,'March 31, 2021 - 06:52:00 PM',38,30),(10052,'March 31, 2021 - 06:52:00 PM',35,16),(10053,'March 31, 2021 - 06:52:00 PM',8,17),(10054,'March 31, 2021 - 06:52:00 PM',31,18),(10055,'March 31, 2021 - 06:52:00 PM',50,19),(10056,'March 31, 2021 - 06:52:00 PM',36,20),(10057,'March 31, 2021 - 06:52:00 PM',2,21),(10058,'March 31, 2021 - 06:52:00 PM',39,22),(10059,'March 31, 2021 - 06:52:00 PM',53,23),(10060,'March 31, 2021 - 06:52:00 PM',12,24),(10061,'March 31, 2021 - 06:52:00 PM',26,25),(10062,'March 31, 2021 - 06:52:00 PM',44,28),(10063,'March 31, 2021 - 06:52:00 PM',7,38),(10064,'March 31, 2021 - 06:52:00 PM',52,46),(10065,'March 31, 2021 - 06:52:00 PM',25,47),(10066,'March 31, 2021 - 06:52:00 PM',51,7),(10067,'March 31, 2021 - 06:52:00 PM',19,9),(10068,'March 31, 2021 - 06:52:00 PM',46,10),(10069,'March 31, 2021 - 06:52:00 PM',9,11),(10070,'March 31, 2021 - 06:52:00 PM',33,12),(10071,'March 31, 2021 - 06:52:00 PM',28,13),(10072,'March 31, 2021 - 06:52:00 PM',18,14),(10073,'March 31, 2021 - 06:52:00 PM',45,15),(10074,'March 31, 2021 - 06:52:00 PM',27,26),(10075,'March 31, 2021 - 06:52:00 PM',20,31),(10076,'March 31, 2021 - 06:52:00 PM',24,41),(10077,'March 31, 2021 - 06:52:00 PM',14,48),(10078,'March 31, 2021 - 06:52:00 PM',29,2),(10079,'March 31, 2021 - 06:52:00 PM',49,32),(10080,'March 31, 2021 - 06:52:00 PM',22,45),(10081,'March 31, 2021 - 06:52:00 PM',5,6),(10082,'March 31, 2021 - 06:52:00 PM',37,39),(10083,'March 31, 2021 - 06:52:00 PM',30,40),(10084,'March 31, 2021 - 06:52:00 PM',13,29),(10133,'March 31, 2021 - 07:24:00 PM',15,135),(10134,'March 31, 2021 - 07:24:00 PM',40,136),(10135,'March 31, 2021 - 07:24:00 PM',10,37),(10136,'March 31, 2021 - 07:24:00 PM',23,138),(10137,'March 31, 2021 - 07:24:00 PM',6,137),(10138,'March 31, 2021 - 07:24:00 PM',1,34),(10139,'March 31, 2021 - 07:24:00 PM',4,49),(10140,'March 31, 2021 - 07:24:00 PM',21,43),(10141,'March 31, 2021 - 07:24:00 PM',42,44),(10142,'March 31, 2021 - 07:24:00 PM',47,42),(10143,'March 31, 2021 - 07:24:00 PM',17,33),(10144,'March 31, 2021 - 07:24:00 PM',34,36),(10145,'March 31, 2021 - 07:24:00 PM',43,50),(10146,'March 31, 2021 - 07:24:00 PM',16,27),(10147,'March 31, 2021 - 07:24:00 PM',38,30),(10148,'March 31, 2021 - 07:24:00 PM',35,16),(10149,'March 31, 2021 - 07:24:00 PM',8,17),(10150,'March 31, 2021 - 07:24:00 PM',31,18),(10151,'March 31, 2021 - 07:24:00 PM',50,19),(10152,'March 31, 2021 - 07:24:00 PM',36,20),(10153,'March 31, 2021 - 07:24:00 PM',2,21),(10154,'March 31, 2021 - 07:24:00 PM',39,22),(10155,'March 31, 2021 - 07:24:00 PM',53,23),(10156,'March 31, 2021 - 07:24:00 PM',12,24),(10157,'March 31, 2021 - 07:24:00 PM',26,25),(10158,'March 31, 2021 - 07:24:00 PM',44,28),(10159,'March 31, 2021 - 07:24:00 PM',7,38),(10160,'March 31, 2021 - 07:24:00 PM',52,46),(10161,'March 31, 2021 - 07:24:00 PM',25,47),(10162,'March 31, 2021 - 07:24:00 PM',51,7),(10163,'March 31, 2021 - 07:24:00 PM',19,9),(10164,'March 31, 2021 - 07:24:00 PM',46,10),(10165,'March 31, 2021 - 07:24:00 PM',9,11),(10166,'March 31, 2021 - 07:24:00 PM',33,12),(10167,'March 31, 2021 - 07:24:00 PM',28,13),(10168,'March 31, 2021 - 07:24:00 PM',18,14),(10169,'March 31, 2021 - 07:24:00 PM',45,15),(10170,'March 31, 2021 - 07:24:00 PM',27,26),(10171,'March 31, 2021 - 07:24:00 PM',20,31),(10172,'March 31, 2021 - 07:24:00 PM',24,41),(10173,'March 31, 2021 - 07:24:00 PM',14,48),(10174,'March 31, 2021 - 07:24:00 PM',29,2),(10175,'March 31, 2021 - 07:24:00 PM',49,32),(10176,'March 31, 2021 - 07:24:00 PM',22,45),(10177,'March 31, 2021 - 07:24:00 PM',5,6),(10178,'March 31, 2021 - 07:24:00 PM',37,39),(10179,'March 31, 2021 - 07:24:00 PM',30,40),(10180,'March 31, 2021 - 07:24:00 PM',13,29),(10181,'March 31, 2021 - 07:26:00 PM',15,135),(10182,'March 31, 2021 - 07:26:00 PM',40,136),(10183,'March 31, 2021 - 07:26:00 PM',10,37),(10184,'March 31, 2021 - 07:26:00 PM',23,138),(10185,'March 31, 2021 - 07:26:00 PM',6,137),(10186,'March 31, 2021 - 07:26:00 PM',1,34),(10187,'March 31, 2021 - 07:26:00 PM',4,49),(10188,'March 31, 2021 - 07:26:00 PM',21,43),(10189,'March 31, 2021 - 07:26:00 PM',42,44),(10190,'March 31, 2021 - 07:26:00 PM',47,42),(10191,'March 31, 2021 - 07:26:00 PM',17,33),(10192,'March 31, 2021 - 07:26:00 PM',34,36),(10193,'March 31, 2021 - 07:26:00 PM',43,50),(10194,'March 31, 2021 - 07:26:00 PM',16,27),(10195,'March 31, 2021 - 07:26:00 PM',38,30),(10196,'March 31, 2021 - 07:26:00 PM',35,16),(10197,'March 31, 2021 - 07:26:00 PM',8,17),(10198,'March 31, 2021 - 07:26:00 PM',31,18),(10199,'March 31, 2021 - 07:26:00 PM',50,19),(10200,'March 31, 2021 - 07:26:00 PM',36,20),(10201,'March 31, 2021 - 07:26:00 PM',2,21),(10202,'March 31, 2021 - 07:26:00 PM',39,22),(10203,'March 31, 2021 - 07:26:00 PM',53,23),(10204,'March 31, 2021 - 07:26:00 PM',12,24),(10205,'March 31, 2021 - 07:26:00 PM',26,25),(10206,'March 31, 2021 - 07:26:00 PM',44,28),(10207,'March 31, 2021 - 07:26:00 PM',7,38),(10208,'March 31, 2021 - 07:26:00 PM',52,46),(10209,'March 31, 2021 - 07:26:00 PM',25,47),(10210,'March 31, 2021 - 07:26:00 PM',51,7),(10211,'March 31, 2021 - 07:26:00 PM',19,9),(10212,'March 31, 2021 - 07:26:00 PM',46,10),(10213,'March 31, 2021 - 07:26:00 PM',9,11),(10214,'March 31, 2021 - 07:26:00 PM',33,12),(10215,'March 31, 2021 - 07:26:00 PM',28,13),(10216,'March 31, 2021 - 07:26:00 PM',18,14),(10217,'March 31, 2021 - 07:26:00 PM',45,15),(10218,'March 31, 2021 - 07:26:00 PM',27,26),(10219,'March 31, 2021 - 07:26:00 PM',20,31),(10220,'March 31, 2021 - 07:26:00 PM',24,41),(10221,'March 31, 2021 - 07:26:00 PM',14,48),(10222,'March 31, 2021 - 07:26:00 PM',29,2),(10223,'March 31, 2021 - 07:26:00 PM',49,32),(10224,'March 31, 2021 - 07:26:00 PM',22,45),(10225,'March 31, 2021 - 07:26:00 PM',5,6),(10226,'March 31, 2021 - 07:26:00 PM',37,39),(10227,'March 31, 2021 - 07:26:00 PM',30,40),(10228,'March 31, 2021 - 07:26:00 PM',13,29),(10229,'March 31, 2021 - 07:28:00 PM',15,135),(10230,'March 31, 2021 - 07:28:00 PM',40,136),(10231,'March 31, 2021 - 07:28:00 PM',10,37),(10232,'March 31, 2021 - 07:28:00 PM',23,138),(10233,'March 31, 2021 - 07:28:00 PM',6,137),(10234,'March 31, 2021 - 07:28:00 PM',1,34),(10235,'March 31, 2021 - 07:28:00 PM',4,49),(10236,'March 31, 2021 - 07:28:00 PM',21,43),(10237,'March 31, 2021 - 07:28:00 PM',42,44),(10238,'March 31, 2021 - 07:28:00 PM',47,42),(10239,'March 31, 2021 - 07:28:00 PM',17,33),(10240,'March 31, 2021 - 07:28:00 PM',34,36),(10241,'March 31, 2021 - 07:28:00 PM',43,50),(10242,'March 31, 2021 - 07:28:00 PM',16,27),(10243,'March 31, 2021 - 07:28:00 PM',38,30),(10244,'March 31, 2021 - 07:28:00 PM',35,16),(10245,'March 31, 2021 - 07:28:00 PM',8,17),(10246,'March 31, 2021 - 07:28:00 PM',31,18),(10247,'March 31, 2021 - 07:28:00 PM',50,19),(10248,'March 31, 2021 - 07:28:00 PM',36,20),(10249,'March 31, 2021 - 07:28:00 PM',2,21),(10250,'March 31, 2021 - 07:28:00 PM',39,22),(10251,'March 31, 2021 - 07:28:00 PM',53,23),(10252,'March 31, 2021 - 07:28:00 PM',12,24),(10253,'March 31, 2021 - 07:28:00 PM',26,25),(10254,'March 31, 2021 - 07:28:00 PM',44,28),(10255,'March 31, 2021 - 07:28:00 PM',7,38),(10256,'March 31, 2021 - 07:28:00 PM',52,46),(10257,'March 31, 2021 - 07:28:00 PM',25,47),(10258,'March 31, 2021 - 07:28:00 PM',51,7),(10259,'March 31, 2021 - 07:28:00 PM',19,9),(10260,'March 31, 2021 - 07:28:00 PM',46,10),(10261,'March 31, 2021 - 07:28:00 PM',9,11),(10262,'March 31, 2021 - 07:28:00 PM',33,12),(10263,'March 31, 2021 - 07:28:00 PM',28,13),(10264,'March 31, 2021 - 07:28:00 PM',18,14),(10265,'March 31, 2021 - 07:28:00 PM',45,15),(10266,'March 31, 2021 - 07:28:00 PM',27,26),(10267,'March 31, 2021 - 07:28:00 PM',20,31),(10268,'March 31, 2021 - 07:28:00 PM',24,41),(10269,'March 31, 2021 - 07:28:00 PM',14,48),(10270,'March 31, 2021 - 07:28:00 PM',29,2),(10271,'March 31, 2021 - 07:28:00 PM',49,32),(10272,'March 31, 2021 - 07:28:00 PM',22,45),(10273,'March 31, 2021 - 07:28:00 PM',5,6),(10274,'March 31, 2021 - 07:28:00 PM',37,39),(10275,'March 31, 2021 - 07:28:00 PM',30,40),(10276,'March 31, 2021 - 07:28:00 PM',13,29),(10277,'March 31, 2021 - 07:29:00 PM',15,135),(10278,'March 31, 2021 - 07:29:00 PM',40,136),(10279,'March 31, 2021 - 07:29:00 PM',10,37),(10280,'March 31, 2021 - 07:29:00 PM',23,138),(10281,'March 31, 2021 - 07:29:00 PM',6,137),(10282,'March 31, 2021 - 07:29:00 PM',1,34),(10283,'March 31, 2021 - 07:29:00 PM',4,49),(10284,'March 31, 2021 - 07:29:00 PM',21,43),(10285,'March 31, 2021 - 07:29:00 PM',42,44),(10286,'March 31, 2021 - 07:29:00 PM',47,42),(10287,'March 31, 2021 - 07:29:00 PM',17,33),(10288,'March 31, 2021 - 07:29:00 PM',34,36),(10289,'March 31, 2021 - 07:29:00 PM',43,50),(10290,'March 31, 2021 - 07:29:00 PM',16,27),(10291,'March 31, 2021 - 07:29:00 PM',38,30),(10292,'March 31, 2021 - 07:29:00 PM',35,16),(10293,'March 31, 2021 - 07:29:00 PM',8,17),(10294,'March 31, 2021 - 07:29:00 PM',31,18),(10295,'March 31, 2021 - 07:29:00 PM',50,19),(10296,'March 31, 2021 - 07:29:00 PM',36,20),(10297,'March 31, 2021 - 07:29:00 PM',2,21),(10298,'March 31, 2021 - 07:29:00 PM',39,22),(10299,'March 31, 2021 - 07:29:00 PM',53,23),(10300,'March 31, 2021 - 07:29:00 PM',12,24),(10301,'March 31, 2021 - 07:29:00 PM',26,25),(10302,'March 31, 2021 - 07:29:00 PM',44,28),(10303,'March 31, 2021 - 07:29:00 PM',7,38),(10304,'March 31, 2021 - 07:29:00 PM',52,46),(10305,'March 31, 2021 - 07:29:00 PM',25,47),(10306,'March 31, 2021 - 07:29:00 PM',51,7),(10307,'March 31, 2021 - 07:29:00 PM',19,9),(10308,'March 31, 2021 - 07:29:00 PM',46,10),(10309,'March 31, 2021 - 07:29:00 PM',9,11),(10310,'March 31, 2021 - 07:29:00 PM',33,12),(10311,'March 31, 2021 - 07:29:00 PM',28,13),(10312,'March 31, 2021 - 07:29:00 PM',18,14),(10313,'March 31, 2021 - 07:29:00 PM',45,15),(10314,'March 31, 2021 - 07:29:00 PM',27,26),(10315,'March 31, 2021 - 07:29:00 PM',20,31),(10316,'March 31, 2021 - 07:29:00 PM',24,41),(10317,'March 31, 2021 - 07:29:00 PM',14,48),(10318,'March 31, 2021 - 07:29:00 PM',29,2),(10319,'March 31, 2021 - 07:29:00 PM',49,32),(10320,'March 31, 2021 - 07:29:00 PM',22,45),(10321,'March 31, 2021 - 07:29:00 PM',5,6),(10322,'March 31, 2021 - 07:29:00 PM',37,39),(10323,'March 31, 2021 - 07:29:00 PM',30,40),(10324,'March 31, 2021 - 07:29:00 PM',13,29),(10325,'March 31, 2021 - 07:30:00 PM',15,135),(10326,'March 31, 2021 - 07:30:00 PM',40,136),(10327,'March 31, 2021 - 07:30:00 PM',10,37),(10328,'March 31, 2021 - 07:30:00 PM',23,138),(10329,'March 31, 2021 - 07:30:00 PM',6,137),(10330,'March 31, 2021 - 07:30:00 PM',1,34),(10331,'March 31, 2021 - 07:30:00 PM',4,49),(10332,'March 31, 2021 - 07:30:00 PM',21,43),(10333,'March 31, 2021 - 07:30:00 PM',42,44),(10334,'March 31, 2021 - 07:30:00 PM',47,42),(10335,'March 31, 2021 - 07:30:00 PM',17,33),(10336,'March 31, 2021 - 07:30:00 PM',34,36),(10337,'March 31, 2021 - 07:30:00 PM',43,50),(10338,'March 31, 2021 - 07:30:00 PM',16,27),(10339,'March 31, 2021 - 07:30:00 PM',38,30),(10340,'March 31, 2021 - 07:30:00 PM',35,16),(10341,'March 31, 2021 - 07:30:00 PM',8,17),(10342,'March 31, 2021 - 07:30:00 PM',31,18),(10343,'March 31, 2021 - 07:30:00 PM',50,19),(10344,'March 31, 2021 - 07:30:00 PM',36,20),(10345,'March 31, 2021 - 07:30:00 PM',2,21),(10346,'March 31, 2021 - 07:30:00 PM',39,22),(10347,'March 31, 2021 - 07:30:00 PM',53,23),(10348,'March 31, 2021 - 07:30:00 PM',12,24),(10349,'March 31, 2021 - 07:30:00 PM',26,25),(10350,'March 31, 2021 - 07:30:00 PM',44,28),(10351,'March 31, 2021 - 07:30:00 PM',7,38),(10352,'March 31, 2021 - 07:30:00 PM',52,46),(10353,'March 31, 2021 - 07:30:00 PM',25,47),(10354,'March 31, 2021 - 07:30:00 PM',51,7),(10355,'March 31, 2021 - 07:30:00 PM',19,9),(10356,'March 31, 2021 - 07:30:00 PM',46,10),(10357,'March 31, 2021 - 07:30:00 PM',9,11),(10358,'March 31, 2021 - 07:30:00 PM',33,12),(10359,'March 31, 2021 - 07:30:00 PM',28,13),(10360,'March 31, 2021 - 07:30:00 PM',18,14),(10361,'March 31, 2021 - 07:30:00 PM',45,15),(10362,'March 31, 2021 - 07:30:00 PM',27,26),(10363,'March 31, 2021 - 07:30:00 PM',20,31),(10364,'March 31, 2021 - 07:30:00 PM',24,41),(10365,'March 31, 2021 - 07:30:00 PM',14,48),(10366,'March 31, 2021 - 07:30:00 PM',29,2),(10367,'March 31, 2021 - 07:30:00 PM',49,32),(10368,'March 31, 2021 - 07:30:00 PM',22,45),(10369,'March 31, 2021 - 07:30:00 PM',5,6),(10370,'March 31, 2021 - 07:30:00 PM',37,39),(10371,'March 31, 2021 - 07:30:00 PM',30,40),(10372,'March 31, 2021 - 07:30:00 PM',13,29),(10373,'March 31, 2021 - 07:31:00 PM',15,135),(10374,'March 31, 2021 - 07:31:00 PM',40,136),(10375,'March 31, 2021 - 07:31:00 PM',10,37),(10376,'March 31, 2021 - 07:31:00 PM',23,138),(10377,'March 31, 2021 - 07:31:00 PM',6,137),(10378,'March 31, 2021 - 07:31:00 PM',1,34),(10379,'March 31, 2021 - 07:31:00 PM',4,49),(10380,'March 31, 2021 - 07:31:00 PM',21,43),(10381,'March 31, 2021 - 07:31:00 PM',42,44),(10382,'March 31, 2021 - 07:31:00 PM',47,42),(10383,'March 31, 2021 - 07:31:00 PM',17,33),(10384,'March 31, 2021 - 07:31:00 PM',34,36),(10385,'March 31, 2021 - 07:31:00 PM',43,50),(10386,'March 31, 2021 - 07:31:00 PM',16,27),(10387,'March 31, 2021 - 07:31:00 PM',38,30),(10388,'March 31, 2021 - 07:31:00 PM',35,16),(10389,'March 31, 2021 - 07:31:00 PM',8,17),(10390,'March 31, 2021 - 07:31:00 PM',31,18),(10391,'March 31, 2021 - 07:31:00 PM',50,19),(10392,'March 31, 2021 - 07:31:00 PM',36,20),(10393,'March 31, 2021 - 07:31:00 PM',2,21),(10394,'March 31, 2021 - 07:31:00 PM',39,22),(10395,'March 31, 2021 - 07:31:00 PM',53,23),(10396,'March 31, 2021 - 07:31:00 PM',12,24),(10397,'March 31, 2021 - 07:31:00 PM',26,25),(10398,'March 31, 2021 - 07:31:00 PM',44,28),(10399,'March 31, 2021 - 07:31:00 PM',7,38),(10400,'March 31, 2021 - 07:31:00 PM',52,46),(10401,'March 31, 2021 - 07:31:00 PM',25,47),(10402,'March 31, 2021 - 07:31:00 PM',51,7),(10403,'March 31, 2021 - 07:31:00 PM',19,9),(10404,'March 31, 2021 - 07:31:00 PM',46,10),(10405,'March 31, 2021 - 07:31:00 PM',9,11),(10406,'March 31, 2021 - 07:31:00 PM',33,12),(10407,'March 31, 2021 - 07:31:00 PM',28,13),(10408,'March 31, 2021 - 07:31:00 PM',18,14),(10409,'March 31, 2021 - 07:31:00 PM',45,15),(10410,'March 31, 2021 - 07:31:00 PM',27,26),(10411,'March 31, 2021 - 07:31:00 PM',20,31),(10412,'March 31, 2021 - 07:31:00 PM',24,41),(10413,'March 31, 2021 - 07:31:00 PM',14,48),(10414,'March 31, 2021 - 07:31:00 PM',29,2),(10415,'March 31, 2021 - 07:31:00 PM',49,32),(10416,'March 31, 2021 - 07:31:00 PM',22,45),(10417,'March 31, 2021 - 07:31:00 PM',5,6),(10418,'March 31, 2021 - 07:31:00 PM',37,39),(10419,'March 31, 2021 - 07:31:00 PM',30,40),(10420,'March 31, 2021 - 07:31:00 PM',13,29),(10421,'March 31, 2021 - 07:33:00 PM',15,135),(10422,'March 31, 2021 - 07:33:00 PM',40,136),(10423,'March 31, 2021 - 07:33:00 PM',10,37),(10424,'March 31, 2021 - 07:33:00 PM',23,138),(10425,'March 31, 2021 - 07:33:00 PM',6,137),(10426,'March 31, 2021 - 07:33:00 PM',1,34),(10427,'March 31, 2021 - 07:33:00 PM',4,49),(10428,'March 31, 2021 - 07:33:00 PM',21,43),(10429,'March 31, 2021 - 07:33:00 PM',42,44),(10430,'March 31, 2021 - 07:33:00 PM',47,42),(10431,'March 31, 2021 - 07:33:00 PM',17,33),(10432,'March 31, 2021 - 07:33:00 PM',34,36),(10433,'March 31, 2021 - 07:33:00 PM',43,50),(10434,'March 31, 2021 - 07:33:00 PM',16,27),(10435,'March 31, 2021 - 07:33:00 PM',38,30),(10436,'March 31, 2021 - 07:33:00 PM',35,16),(10437,'March 31, 2021 - 07:33:00 PM',8,17),(10438,'March 31, 2021 - 07:33:00 PM',31,18),(10439,'March 31, 2021 - 07:33:00 PM',50,19),(10440,'March 31, 2021 - 07:33:00 PM',36,20),(10441,'March 31, 2021 - 07:33:00 PM',2,21),(10442,'March 31, 2021 - 07:33:00 PM',39,22),(10443,'March 31, 2021 - 07:33:00 PM',53,23),(10444,'March 31, 2021 - 07:33:00 PM',12,24),(10445,'March 31, 2021 - 07:33:00 PM',26,25),(10446,'March 31, 2021 - 07:33:00 PM',44,28),(10447,'March 31, 2021 - 07:33:00 PM',7,38),(10448,'March 31, 2021 - 07:33:00 PM',52,46),(10449,'March 31, 2021 - 07:33:00 PM',25,47),(10450,'March 31, 2021 - 07:33:00 PM',51,7),(10451,'March 31, 2021 - 07:33:00 PM',19,9),(10452,'March 31, 2021 - 07:33:00 PM',46,10),(10453,'March 31, 2021 - 07:33:00 PM',9,11),(10454,'March 31, 2021 - 07:33:00 PM',33,12),(10455,'March 31, 2021 - 07:33:00 PM',28,13),(10456,'March 31, 2021 - 07:33:00 PM',18,14),(10457,'March 31, 2021 - 07:33:00 PM',45,15),(10458,'March 31, 2021 - 07:33:00 PM',27,26),(10459,'March 31, 2021 - 07:33:00 PM',20,31),(10460,'March 31, 2021 - 07:33:00 PM',24,41),(10461,'March 31, 2021 - 07:33:00 PM',14,48),(10462,'March 31, 2021 - 07:33:00 PM',29,2),(10463,'March 31, 2021 - 07:33:00 PM',49,32),(10464,'March 31, 2021 - 07:33:00 PM',22,45),(10465,'March 31, 2021 - 07:33:00 PM',5,6),(10466,'March 31, 2021 - 07:33:00 PM',37,39),(10467,'March 31, 2021 - 07:33:00 PM',30,40),(10468,'March 31, 2021 - 07:33:00 PM',13,29),(10469,'March 31, 2021 - 07:35:00 PM',15,135),(10470,'March 31, 2021 - 07:35:00 PM',40,136),(10471,'March 31, 2021 - 07:35:00 PM',10,37),(10472,'March 31, 2021 - 07:35:00 PM',23,138),(10473,'March 31, 2021 - 07:35:00 PM',6,137),(10474,'March 31, 2021 - 07:35:00 PM',1,34),(10475,'March 31, 2021 - 07:35:00 PM',4,49),(10476,'March 31, 2021 - 07:35:00 PM',21,43),(10477,'March 31, 2021 - 07:35:00 PM',42,44),(10478,'March 31, 2021 - 07:35:00 PM',47,42),(10479,'March 31, 2021 - 07:35:00 PM',17,33),(10480,'March 31, 2021 - 07:35:00 PM',34,36),(10481,'March 31, 2021 - 07:35:00 PM',43,50),(10482,'March 31, 2021 - 07:35:00 PM',16,27),(10483,'March 31, 2021 - 07:35:00 PM',38,30),(10484,'March 31, 2021 - 07:35:00 PM',35,16),(10485,'March 31, 2021 - 07:35:00 PM',8,17),(10486,'March 31, 2021 - 07:35:00 PM',31,18),(10487,'March 31, 2021 - 07:35:00 PM',50,19),(10488,'March 31, 2021 - 07:35:00 PM',36,20),(10489,'March 31, 2021 - 07:35:00 PM',2,21),(10490,'March 31, 2021 - 07:35:00 PM',39,22),(10491,'March 31, 2021 - 07:35:00 PM',53,23),(10492,'March 31, 2021 - 07:35:00 PM',12,24),(10493,'March 31, 2021 - 07:35:00 PM',26,25),(10494,'March 31, 2021 - 07:35:00 PM',44,28),(10495,'March 31, 2021 - 07:35:00 PM',7,38),(10496,'March 31, 2021 - 07:35:00 PM',52,46),(10497,'March 31, 2021 - 07:35:00 PM',25,47),(10498,'March 31, 2021 - 07:35:00 PM',51,7),(10499,'March 31, 2021 - 07:35:00 PM',19,9),(10500,'March 31, 2021 - 07:35:00 PM',46,10),(10501,'March 31, 2021 - 07:35:00 PM',9,11),(10502,'March 31, 2021 - 07:35:00 PM',33,12),(10503,'March 31, 2021 - 07:35:00 PM',28,13),(10504,'March 31, 2021 - 07:35:00 PM',18,14),(10505,'March 31, 2021 - 07:35:00 PM',45,15),(10506,'March 31, 2021 - 07:35:00 PM',27,26),(10507,'March 31, 2021 - 07:35:00 PM',20,31),(10508,'March 31, 2021 - 07:35:00 PM',24,41),(10509,'March 31, 2021 - 07:35:00 PM',14,48),(10510,'March 31, 2021 - 07:35:00 PM',29,2),(10511,'March 31, 2021 - 07:35:00 PM',49,32),(10512,'March 31, 2021 - 07:35:00 PM',22,45),(10513,'March 31, 2021 - 07:35:00 PM',5,6),(10514,'March 31, 2021 - 07:35:00 PM',37,39),(10515,'March 31, 2021 - 07:35:00 PM',30,40),(10516,'March 31, 2021 - 07:35:00 PM',13,29),(10565,'March 31, 2021 - 07:36:00 PM',15,135),(10566,'March 31, 2021 - 07:36:00 PM',40,136),(10567,'March 31, 2021 - 07:36:00 PM',13,37),(10568,'March 31, 2021 - 07:36:00 PM',23,138),(10569,'March 31, 2021 - 07:36:00 PM',18,137),(10570,'March 31, 2021 - 07:36:00 PM',1,34),(10571,'March 31, 2021 - 07:36:00 PM',4,49),(10572,'March 31, 2021 - 07:36:00 PM',34,43),(10573,'March 31, 2021 - 07:36:00 PM',42,44),(10574,'March 31, 2021 - 07:36:00 PM',58,42),(10575,'March 31, 2021 - 07:36:00 PM',17,33),(10576,'March 31, 2021 - 07:36:00 PM',52,36),(10577,'March 31, 2021 - 07:36:00 PM',43,50),(10578,'March 31, 2021 - 07:36:00 PM',16,27),(10579,'March 31, 2021 - 07:36:00 PM',38,30),(10580,'March 31, 2021 - 07:36:00 PM',35,16),(10581,'March 31, 2021 - 07:36:00 PM',22,17),(10582,'March 31, 2021 - 07:36:00 PM',24,18),(10583,'March 31, 2021 - 07:36:00 PM',50,19),(10584,'March 31, 2021 - 07:36:00 PM',36,20),(10585,'March 31, 2021 - 07:36:00 PM',2,21),(10586,'March 31, 2021 - 07:36:00 PM',39,22),(10587,'March 31, 2021 - 07:36:00 PM',56,23),(10588,'March 31, 2021 - 07:36:00 PM',53,24),(10589,'March 31, 2021 - 07:36:00 PM',26,25),(10590,'March 31, 2021 - 07:36:00 PM',44,28),(10591,'March 31, 2021 - 07:36:00 PM',20,38),(10592,'March 31, 2021 - 07:36:00 PM',33,46),(10593,'March 31, 2021 - 07:36:00 PM',25,47),(10594,'March 31, 2021 - 07:36:00 PM',51,7),(10595,'March 31, 2021 - 07:36:00 PM',19,9),(10596,'March 31, 2021 - 07:36:00 PM',2,10),(10597,'March 31, 2021 - 07:36:00 PM',27,11),(10598,'March 31, 2021 - 07:36:00 PM',14,12),(10599,'March 31, 2021 - 07:36:00 PM',60,13),(10600,'March 31, 2021 - 07:36:00 PM',46,14),(10601,'March 31, 2021 - 07:36:00 PM',28,15),(10602,'March 31, 2021 - 07:36:00 PM',45,26),(10603,'March 31, 2021 - 07:36:00 PM',47,31),(10604,'March 31, 2021 - 07:36:00 PM',59,41),(10605,'March 31, 2021 - 07:36:00 PM',31,48),(10606,'March 31, 2021 - 07:36:00 PM',30,2),(10607,'March 31, 2021 - 07:36:00 PM',32,32),(10608,'March 31, 2021 - 07:36:00 PM',57,45),(10609,'March 31, 2021 - 07:36:00 PM',29,6),(10610,'March 31, 2021 - 07:36:00 PM',37,39),(10611,'March 31, 2021 - 07:36:00 PM',49,40),(10612,'March 31, 2021 - 07:36:00 PM',54,29),(10709,'March 31, 2021 - 07:42:00 PM',15,135),(10710,'March 31, 2021 - 07:42:00 PM',40,136),(10711,'March 31, 2021 - 07:42:00 PM',13,37),(10712,'March 31, 2021 - 07:42:00 PM',23,138),(10713,'March 31, 2021 - 07:42:00 PM',18,137),(10714,'March 31, 2021 - 07:42:00 PM',1,34),(10715,'March 31, 2021 - 07:42:00 PM',4,49),(10716,'March 31, 2021 - 07:42:00 PM',34,43),(10717,'March 31, 2021 - 07:42:00 PM',42,44),(10718,'March 31, 2021 - 07:42:00 PM',58,42),(10719,'March 31, 2021 - 07:42:00 PM',17,33),(10720,'March 31, 2021 - 07:42:00 PM',52,36),(10721,'March 31, 2021 - 07:42:00 PM',43,50),(10722,'March 31, 2021 - 07:42:00 PM',16,27),(10723,'March 31, 2021 - 07:42:00 PM',38,30),(10724,'March 31, 2021 - 07:42:00 PM',35,16),(10725,'March 31, 2021 - 07:42:00 PM',22,17),(10726,'March 31, 2021 - 07:42:00 PM',24,18),(10727,'March 31, 2021 - 07:42:00 PM',50,19),(10728,'March 31, 2021 - 07:42:00 PM',36,20),(10729,'March 31, 2021 - 07:42:00 PM',2,21),(10730,'March 31, 2021 - 07:42:00 PM',39,22),(10731,'March 31, 2021 - 07:42:00 PM',56,23),(10732,'March 31, 2021 - 07:42:00 PM',53,24),(10733,'March 31, 2021 - 07:42:00 PM',26,25),(10734,'March 31, 2021 - 07:42:00 PM',44,28),(10735,'March 31, 2021 - 07:42:00 PM',20,38),(10736,'March 31, 2021 - 07:42:00 PM',33,46),(10737,'March 31, 2021 - 07:42:00 PM',25,47),(10738,'March 31, 2021 - 07:42:00 PM',51,7),(10739,'March 31, 2021 - 07:42:00 PM',19,9),(10740,'March 31, 2021 - 07:42:00 PM',14,10),(10741,'March 31, 2021 - 07:42:00 PM',27,11),(10742,'March 31, 2021 - 07:42:00 PM',27,12),(10743,'March 31, 2021 - 07:42:00 PM',60,13),(10744,'March 31, 2021 - 07:42:00 PM',46,14),(10745,'March 31, 2021 - 07:42:00 PM',28,15),(10746,'March 31, 2021 - 07:42:00 PM',45,26),(10747,'March 31, 2021 - 07:42:00 PM',47,31),(10748,'March 31, 2021 - 07:42:00 PM',59,41),(10749,'March 31, 2021 - 07:42:00 PM',31,48),(10750,'March 31, 2021 - 07:42:00 PM',30,2),(10751,'March 31, 2021 - 07:42:00 PM',32,32),(10752,'March 31, 2021 - 07:42:00 PM',57,45),(10753,'March 31, 2021 - 07:42:00 PM',29,6),(10754,'March 31, 2021 - 07:42:00 PM',37,39),(10755,'March 31, 2021 - 07:42:00 PM',49,40),(10756,'March 31, 2021 - 07:42:00 PM',54,29),(10805,'March 31, 2021 - 07:50:00 PM',15,135),(10806,'March 31, 2021 - 07:50:00 PM',40,136),(10807,'March 31, 2021 - 07:50:00 PM',13,37),(10808,'March 31, 2021 - 07:50:00 PM',23,138),(10809,'March 31, 2021 - 07:50:00 PM',18,137),(10810,'March 31, 2021 - 07:50:00 PM',1,34),(10811,'March 31, 2021 - 07:50:00 PM',4,49),(10812,'March 31, 2021 - 07:50:00 PM',34,43),(10813,'March 31, 2021 - 07:50:00 PM',42,44),(10814,'March 31, 2021 - 07:50:00 PM',58,42),(10815,'March 31, 2021 - 07:50:00 PM',17,33),(10816,'March 31, 2021 - 07:50:00 PM',52,36),(10817,'March 31, 2021 - 07:50:00 PM',43,50),(10818,'March 31, 2021 - 07:50:00 PM',16,27),(10819,'March 31, 2021 - 07:50:00 PM',38,30),(10820,'March 31, 2021 - 07:50:00 PM',35,16),(10821,'March 31, 2021 - 07:50:00 PM',22,17),(10822,'March 31, 2021 - 07:50:00 PM',24,18),(10823,'March 31, 2021 - 07:50:00 PM',50,19),(10824,'March 31, 2021 - 07:50:00 PM',36,20),(10825,'March 31, 2021 - 07:50:00 PM',2,21),(10826,'March 31, 2021 - 07:50:00 PM',39,22),(10827,'March 31, 2021 - 07:50:00 PM',56,23),(10828,'March 31, 2021 - 07:50:00 PM',53,24),(10829,'March 31, 2021 - 07:50:00 PM',26,25),(10830,'March 31, 2021 - 07:50:00 PM',44,28),(10831,'March 31, 2021 - 07:50:00 PM',20,38),(10832,'March 31, 2021 - 07:50:00 PM',33,46),(10833,'March 31, 2021 - 07:50:00 PM',25,47),(10834,'March 31, 2021 - 07:50:00 PM',51,7),(10835,'March 31, 2021 - 07:50:00 PM',19,9),(10836,'March 31, 2021 - 07:50:00 PM',2,10),(10837,'March 31, 2021 - 07:50:00 PM',27,11),(10838,'March 31, 2021 - 07:50:00 PM',14,12),(10839,'March 31, 2021 - 07:50:00 PM',60,13),(10840,'March 31, 2021 - 07:50:00 PM',46,14),(10841,'March 31, 2021 - 07:50:00 PM',28,15),(10842,'March 31, 2021 - 07:50:00 PM',45,26),(10843,'March 31, 2021 - 07:50:00 PM',47,31),(10844,'March 31, 2021 - 07:50:00 PM',59,41),(10845,'March 31, 2021 - 07:50:00 PM',31,48),(10846,'March 31, 2021 - 07:50:00 PM',30,2),(10847,'March 31, 2021 - 07:50:00 PM',32,32),(10848,'March 31, 2021 - 07:50:00 PM',57,45),(10849,'March 31, 2021 - 07:50:00 PM',29,6),(10850,'March 31, 2021 - 07:50:00 PM',37,39),(10851,'March 31, 2021 - 07:50:00 PM',49,40),(10852,'March 31, 2021 - 07:50:00 PM',54,29),(10853,'March 31, 2021 - 08:51:00 PM',15,135),(10854,'March 31, 2021 - 08:51:00 PM',40,136),(10855,'March 31, 2021 - 08:51:00 PM',13,37),(10856,'March 31, 2021 - 08:51:00 PM',23,138),(10857,'March 31, 2021 - 08:51:00 PM',18,137),(10858,'March 31, 2021 - 08:51:00 PM',1,34),(10859,'March 31, 2021 - 08:51:00 PM',4,49),(10860,'March 31, 2021 - 08:51:00 PM',34,43),(10861,'March 31, 2021 - 08:51:00 PM',42,44),(10862,'March 31, 2021 - 08:51:00 PM',58,42),(10863,'March 31, 2021 - 08:51:00 PM',17,33),(10864,'March 31, 2021 - 08:51:00 PM',52,36),(10865,'March 31, 2021 - 08:51:00 PM',43,50),(10866,'March 31, 2021 - 08:51:00 PM',16,27),(10867,'March 31, 2021 - 08:51:00 PM',38,30),(10868,'March 31, 2021 - 08:51:00 PM',35,16),(10869,'March 31, 2021 - 08:51:00 PM',22,17),(10870,'March 31, 2021 - 08:51:00 PM',24,18),(10871,'March 31, 2021 - 08:51:00 PM',50,19),(10872,'March 31, 2021 - 08:51:00 PM',36,20),(10873,'March 31, 2021 - 08:51:00 PM',2,21),(10874,'March 31, 2021 - 08:51:00 PM',39,22),(10875,'March 31, 2021 - 08:51:00 PM',56,23),(10876,'March 31, 2021 - 08:51:00 PM',53,24),(10877,'March 31, 2021 - 08:51:00 PM',26,25),(10878,'March 31, 2021 - 08:51:00 PM',44,28),(10879,'March 31, 2021 - 08:51:00 PM',20,38),(10880,'March 31, 2021 - 08:51:00 PM',33,46),(10881,'March 31, 2021 - 08:51:00 PM',25,47),(10882,'March 31, 2021 - 08:51:00 PM',51,7),(10883,'March 31, 2021 - 08:51:00 PM',19,9),(10884,'March 31, 2021 - 08:51:00 PM',2,10),(10885,'March 31, 2021 - 08:51:00 PM',27,11),(10886,'March 31, 2021 - 08:51:00 PM',29,12),(10887,'March 31, 2021 - 08:51:00 PM',60,13),(10888,'March 31, 2021 - 08:51:00 PM',46,14),(10889,'March 31, 2021 - 08:51:00 PM',28,15),(10890,'March 31, 2021 - 08:51:00 PM',45,26),(10891,'March 31, 2021 - 08:51:00 PM',47,31),(10892,'March 31, 2021 - 08:51:00 PM',59,41),(10893,'March 31, 2021 - 08:51:00 PM',31,48),(10894,'March 31, 2021 - 08:51:00 PM',30,2),(10895,'March 31, 2021 - 08:51:00 PM',32,32),(10896,'March 31, 2021 - 08:51:00 PM',57,45),(10897,'March 31, 2021 - 08:51:00 PM',29,6),(10898,'March 31, 2021 - 08:51:00 PM',37,39),(10899,'March 31, 2021 - 08:51:00 PM',49,40),(10900,'March 31, 2021 - 08:51:00 PM',54,29),(10949,'March 31, 2021 - 08:55:00 PM',15,135),(10950,'March 31, 2021 - 08:55:00 PM',40,136),(10951,'March 31, 2021 - 08:55:00 PM',13,37),(10952,'March 31, 2021 - 08:55:00 PM',23,138),(10953,'March 31, 2021 - 08:55:00 PM',18,137),(10954,'March 31, 2021 - 08:55:00 PM',1,34),(10955,'March 31, 2021 - 08:55:00 PM',4,49),(10956,'March 31, 2021 - 08:55:00 PM',34,43),(10957,'March 31, 2021 - 08:55:00 PM',42,44),(10958,'March 31, 2021 - 08:55:00 PM',58,42),(10959,'March 31, 2021 - 08:55:00 PM',17,33),(10960,'March 31, 2021 - 08:55:00 PM',52,36),(10961,'March 31, 2021 - 08:55:00 PM',43,50),(10962,'March 31, 2021 - 08:55:00 PM',16,27),(10963,'March 31, 2021 - 08:55:00 PM',38,30),(10964,'March 31, 2021 - 08:55:00 PM',35,16),(10965,'March 31, 2021 - 08:55:00 PM',22,17),(10966,'March 31, 2021 - 08:55:00 PM',24,18),(10967,'March 31, 2021 - 08:55:00 PM',50,19),(10968,'March 31, 2021 - 08:55:00 PM',36,20),(10969,'March 31, 2021 - 08:55:00 PM',2,21),(10970,'March 31, 2021 - 08:55:00 PM',39,22),(10971,'March 31, 2021 - 08:55:00 PM',56,23),(10972,'March 31, 2021 - 08:55:00 PM',53,24),(10973,'March 31, 2021 - 08:55:00 PM',26,25),(10974,'March 31, 2021 - 08:55:00 PM',44,28),(10975,'March 31, 2021 - 08:55:00 PM',20,38),(10976,'March 31, 2021 - 08:55:00 PM',33,46),(10977,'March 31, 2021 - 08:55:00 PM',25,47),(10978,'March 31, 2021 - 08:55:00 PM',51,7),(10979,'March 31, 2021 - 08:55:00 PM',19,9),(10980,'March 31, 2021 - 08:55:00 PM',14,10),(10981,'March 31, 2021 - 08:55:00 PM',27,11),(10982,'March 31, 2021 - 08:55:00 PM',32,12),(10983,'March 31, 2021 - 08:55:00 PM',60,13),(10984,'March 31, 2021 - 08:55:00 PM',46,14),(10985,'March 31, 2021 - 08:55:00 PM',28,15),(10986,'March 31, 2021 - 08:55:00 PM',45,26),(10987,'March 31, 2021 - 08:55:00 PM',47,31),(10988,'March 31, 2021 - 08:55:00 PM',59,41),(10989,'March 31, 2021 - 08:55:00 PM',31,48),(10990,'March 31, 2021 - 08:55:00 PM',30,2),(10991,'March 31, 2021 - 08:55:00 PM',32,32),(10992,'March 31, 2021 - 08:55:00 PM',57,45),(10993,'March 31, 2021 - 08:55:00 PM',29,6),(10994,'March 31, 2021 - 08:55:00 PM',37,39),(10995,'March 31, 2021 - 08:55:00 PM',49,40),(10996,'March 31, 2021 - 08:55:00 PM',54,29),(11045,'March 31, 2021 - 08:57:00 PM',15,135),(11046,'March 31, 2021 - 08:57:00 PM',40,136),(11047,'March 31, 2021 - 08:57:00 PM',13,37),(11048,'March 31, 2021 - 08:57:00 PM',23,138),(11049,'March 31, 2021 - 08:57:00 PM',18,137),(11050,'March 31, 2021 - 08:57:00 PM',1,34),(11051,'March 31, 2021 - 08:57:00 PM',4,49),(11052,'March 31, 2021 - 08:57:00 PM',34,43),(11053,'March 31, 2021 - 08:57:00 PM',42,44),(11054,'March 31, 2021 - 08:57:00 PM',58,42),(11055,'March 31, 2021 - 08:57:00 PM',17,33),(11056,'March 31, 2021 - 08:57:00 PM',52,36),(11057,'March 31, 2021 - 08:57:00 PM',43,50),(11058,'March 31, 2021 - 08:57:00 PM',16,27),(11059,'March 31, 2021 - 08:57:00 PM',38,30),(11060,'March 31, 2021 - 08:57:00 PM',35,16),(11061,'March 31, 2021 - 08:57:00 PM',22,17),(11062,'March 31, 2021 - 08:57:00 PM',24,18),(11063,'March 31, 2021 - 08:57:00 PM',50,19),(11064,'March 31, 2021 - 08:57:00 PM',36,20),(11065,'March 31, 2021 - 08:57:00 PM',2,21),(11066,'March 31, 2021 - 08:57:00 PM',39,22),(11067,'March 31, 2021 - 08:57:00 PM',56,23),(11068,'March 31, 2021 - 08:57:00 PM',53,24),(11069,'March 31, 2021 - 08:57:00 PM',26,25),(11070,'March 31, 2021 - 08:57:00 PM',44,28),(11071,'March 31, 2021 - 08:57:00 PM',20,38),(11072,'March 31, 2021 - 08:57:00 PM',33,46),(11073,'March 31, 2021 - 08:57:00 PM',25,47),(11074,'March 31, 2021 - 08:57:00 PM',51,7),(11075,'March 31, 2021 - 08:57:00 PM',19,9),(11076,'March 31, 2021 - 08:57:00 PM',14,10),(11077,'March 31, 2021 - 08:57:00 PM',27,11),(11078,'March 31, 2021 - 08:57:00 PM',30,12),(11079,'March 31, 2021 - 08:57:00 PM',60,13),(11080,'March 31, 2021 - 08:57:00 PM',46,14),(11081,'March 31, 2021 - 08:57:00 PM',28,15),(11082,'March 31, 2021 - 08:57:00 PM',45,26),(11083,'March 31, 2021 - 08:57:00 PM',47,31),(11084,'March 31, 2021 - 08:57:00 PM',59,41),(11085,'March 31, 2021 - 08:57:00 PM',31,48),(11086,'March 31, 2021 - 08:57:00 PM',30,2),(11087,'March 31, 2021 - 08:57:00 PM',32,32),(11088,'March 31, 2021 - 08:57:00 PM',57,45),(11089,'March 31, 2021 - 08:57:00 PM',29,6),(11090,'March 31, 2021 - 08:57:00 PM',37,39),(11091,'March 31, 2021 - 08:57:00 PM',49,40),(11092,'March 31, 2021 - 08:57:00 PM',54,29),(11141,'March 31, 2021 - 09:04:00 PM',15,135),(11142,'March 31, 2021 - 09:04:00 PM',40,136),(11143,'March 31, 2021 - 09:04:00 PM',13,37),(11144,'March 31, 2021 - 09:04:00 PM',23,138),(11145,'March 31, 2021 - 09:04:00 PM',18,137),(11146,'March 31, 2021 - 09:04:00 PM',1,34),(11147,'March 31, 2021 - 09:04:00 PM',4,49),(11148,'March 31, 2021 - 09:04:00 PM',34,43),(11149,'March 31, 2021 - 09:04:00 PM',42,44),(11150,'March 31, 2021 - 09:04:00 PM',58,42),(11151,'March 31, 2021 - 09:04:00 PM',17,33),(11152,'March 31, 2021 - 09:04:00 PM',52,36),(11153,'March 31, 2021 - 09:04:00 PM',43,50),(11154,'March 31, 2021 - 09:04:00 PM',16,27),(11155,'March 31, 2021 - 09:04:00 PM',38,30),(11156,'March 31, 2021 - 09:04:00 PM',35,16),(11157,'March 31, 2021 - 09:04:00 PM',22,17),(11158,'March 31, 2021 - 09:04:00 PM',24,18),(11159,'March 31, 2021 - 09:04:00 PM',50,19),(11160,'March 31, 2021 - 09:04:00 PM',36,20),(11161,'March 31, 2021 - 09:04:00 PM',2,21),(11162,'March 31, 2021 - 09:04:00 PM',39,22),(11163,'March 31, 2021 - 09:04:00 PM',56,23),(11164,'March 31, 2021 - 09:04:00 PM',53,24),(11165,'March 31, 2021 - 09:04:00 PM',26,25),(11166,'March 31, 2021 - 09:04:00 PM',44,28),(11167,'March 31, 2021 - 09:04:00 PM',20,38),(11168,'March 31, 2021 - 09:04:00 PM',33,46),(11169,'March 31, 2021 - 09:04:00 PM',25,47),(11170,'March 31, 2021 - 09:04:00 PM',51,7),(11171,'March 31, 2021 - 09:04:00 PM',19,9),(11172,'March 31, 2021 - 09:04:00 PM',14,10),(11173,'March 31, 2021 - 09:04:00 PM',27,11),(11174,'March 31, 2021 - 09:04:00 PM',29,12),(11175,'March 31, 2021 - 09:04:00 PM',60,13),(11176,'March 31, 2021 - 09:04:00 PM',46,14),(11177,'March 31, 2021 - 09:04:00 PM',28,15),(11178,'March 31, 2021 - 09:04:00 PM',45,26),(11179,'March 31, 2021 - 09:04:00 PM',47,31),(11180,'March 31, 2021 - 09:04:00 PM',59,41),(11181,'March 31, 2021 - 09:04:00 PM',31,48),(11182,'March 31, 2021 - 09:04:00 PM',30,2),(11183,'March 31, 2021 - 09:04:00 PM',32,32),(11184,'March 31, 2021 - 09:04:00 PM',57,45),(11185,'March 31, 2021 - 09:04:00 PM',29,6),(11186,'March 31, 2021 - 09:04:00 PM',37,39),(11187,'March 31, 2021 - 09:04:00 PM',49,40),(11188,'March 31, 2021 - 09:04:00 PM',54,29),(11237,'March 31, 2021 - 09:11:00 PM',15,135),(11238,'March 31, 2021 - 09:11:00 PM',40,136),(11239,'March 31, 2021 - 09:11:00 PM',13,37),(11240,'March 31, 2021 - 09:11:00 PM',23,138),(11241,'March 31, 2021 - 09:11:00 PM',18,137),(11242,'March 31, 2021 - 09:11:00 PM',1,34),(11243,'March 31, 2021 - 09:11:00 PM',4,49),(11244,'March 31, 2021 - 09:11:00 PM',34,43),(11245,'March 31, 2021 - 09:11:00 PM',42,44),(11246,'March 31, 2021 - 09:11:00 PM',58,42),(11247,'March 31, 2021 - 09:11:00 PM',17,33),(11248,'March 31, 2021 - 09:11:00 PM',52,36),(11249,'March 31, 2021 - 09:11:00 PM',43,50),(11250,'March 31, 2021 - 09:11:00 PM',16,27),(11251,'March 31, 2021 - 09:11:00 PM',38,30),(11252,'March 31, 2021 - 09:11:00 PM',35,16),(11253,'March 31, 2021 - 09:11:00 PM',22,17),(11254,'March 31, 2021 - 09:11:00 PM',24,18),(11255,'March 31, 2021 - 09:11:00 PM',50,19),(11256,'March 31, 2021 - 09:11:00 PM',36,20),(11257,'March 31, 2021 - 09:11:00 PM',2,21),(11258,'March 31, 2021 - 09:11:00 PM',39,22),(11259,'March 31, 2021 - 09:11:00 PM',56,23),(11260,'March 31, 2021 - 09:11:00 PM',53,24),(11261,'March 31, 2021 - 09:11:00 PM',26,25),(11262,'March 31, 2021 - 09:11:00 PM',44,28),(11263,'March 31, 2021 - 09:11:00 PM',20,38),(11264,'March 31, 2021 - 09:11:00 PM',33,46),(11265,'March 31, 2021 - 09:11:00 PM',25,47),(11266,'March 31, 2021 - 09:11:00 PM',51,7),(11267,'March 31, 2021 - 09:11:00 PM',19,9),(11268,'March 31, 2021 - 09:11:00 PM',14,10),(11269,'March 31, 2021 - 09:11:00 PM',27,11),(11270,'March 31, 2021 - 09:11:00 PM',30,12),(11271,'March 31, 2021 - 09:11:00 PM',60,13),(11272,'March 31, 2021 - 09:11:00 PM',46,14),(11273,'March 31, 2021 - 09:11:00 PM',28,15),(11274,'March 31, 2021 - 09:11:00 PM',45,26),(11275,'March 31, 2021 - 09:11:00 PM',47,31),(11276,'March 31, 2021 - 09:11:00 PM',59,41),(11277,'March 31, 2021 - 09:11:00 PM',31,48),(11278,'March 31, 2021 - 09:11:00 PM',30,2),(11279,'March 31, 2021 - 09:11:00 PM',32,32),(11280,'March 31, 2021 - 09:11:00 PM',57,45),(11281,'March 31, 2021 - 09:11:00 PM',29,6),(11282,'March 31, 2021 - 09:11:00 PM',37,39),(11283,'March 31, 2021 - 09:11:00 PM',49,40),(11284,'March 31, 2021 - 09:11:00 PM',54,29),(11381,'March 31, 2021 - 09:12:00 PM',15,135),(11382,'March 31, 2021 - 09:12:00 PM',40,136),(11383,'March 31, 2021 - 09:12:00 PM',13,37),(11384,'March 31, 2021 - 09:12:00 PM',23,138),(11385,'March 31, 2021 - 09:12:00 PM',18,137),(11386,'March 31, 2021 - 09:12:00 PM',1,34),(11387,'March 31, 2021 - 09:12:00 PM',4,49),(11388,'March 31, 2021 - 09:12:00 PM',34,43),(11389,'March 31, 2021 - 09:12:00 PM',42,44),(11390,'March 31, 2021 - 09:12:00 PM',58,42),(11391,'March 31, 2021 - 09:12:00 PM',17,33),(11392,'March 31, 2021 - 09:12:00 PM',52,36),(11393,'March 31, 2021 - 09:12:00 PM',43,50),(11394,'March 31, 2021 - 09:12:00 PM',16,27),(11395,'March 31, 2021 - 09:12:00 PM',38,30),(11396,'March 31, 2021 - 09:12:00 PM',35,16),(11397,'March 31, 2021 - 09:12:00 PM',22,17),(11398,'March 31, 2021 - 09:12:00 PM',24,18),(11399,'March 31, 2021 - 09:12:00 PM',50,19),(11400,'March 31, 2021 - 09:12:00 PM',36,20),(11401,'March 31, 2021 - 09:12:00 PM',2,21),(11402,'March 31, 2021 - 09:12:00 PM',39,22),(11403,'March 31, 2021 - 09:12:00 PM',56,23),(11404,'March 31, 2021 - 09:12:00 PM',53,24),(11405,'March 31, 2021 - 09:12:00 PM',26,25),(11406,'March 31, 2021 - 09:12:00 PM',44,28),(11407,'March 31, 2021 - 09:12:00 PM',20,38),(11408,'March 31, 2021 - 09:12:00 PM',33,46),(11409,'March 31, 2021 - 09:12:00 PM',25,47),(11410,'March 31, 2021 - 09:12:00 PM',51,7),(11411,'March 31, 2021 - 09:12:00 PM',19,9),(11412,'March 31, 2021 - 09:12:00 PM',14,10),(11413,'March 31, 2021 - 09:12:00 PM',27,11),(11414,'March 31, 2021 - 09:12:00 PM',21,12),(11415,'March 31, 2021 - 09:12:00 PM',60,13),(11416,'March 31, 2021 - 09:12:00 PM',46,14),(11417,'March 31, 2021 - 09:12:00 PM',28,15),(11418,'March 31, 2021 - 09:12:00 PM',45,26),(11419,'March 31, 2021 - 09:12:00 PM',47,31),(11420,'March 31, 2021 - 09:12:00 PM',59,41),(11421,'March 31, 2021 - 09:12:00 PM',31,48),(11422,'March 31, 2021 - 09:12:00 PM',30,2),(11423,'March 31, 2021 - 09:12:00 PM',32,32),(11424,'March 31, 2021 - 09:12:00 PM',57,45),(11425,'March 31, 2021 - 09:12:00 PM',29,6),(11426,'March 31, 2021 - 09:12:00 PM',37,39),(11427,'March 31, 2021 - 09:12:00 PM',49,40),(11428,'March 31, 2021 - 09:12:00 PM',54,29),(11429,'March 31, 2021 - 09:19:00 PM',15,135),(11430,'March 31, 2021 - 09:19:00 PM',40,136),(11431,'March 31, 2021 - 09:19:00 PM',13,37),(11432,'March 31, 2021 - 09:19:00 PM',23,138),(11433,'March 31, 2021 - 09:19:00 PM',18,137),(11434,'March 31, 2021 - 09:19:00 PM',1,34),(11435,'March 31, 2021 - 09:19:00 PM',4,49),(11436,'March 31, 2021 - 09:19:00 PM',34,43),(11437,'March 31, 2021 - 09:19:00 PM',42,44),(11438,'March 31, 2021 - 09:19:00 PM',58,42),(11439,'March 31, 2021 - 09:19:00 PM',17,33),(11440,'March 31, 2021 - 09:19:00 PM',52,36),(11441,'March 31, 2021 - 09:19:00 PM',43,50),(11442,'March 31, 2021 - 09:19:00 PM',16,27),(11443,'March 31, 2021 - 09:19:00 PM',38,30),(11444,'March 31, 2021 - 09:19:00 PM',35,16),(11445,'March 31, 2021 - 09:19:00 PM',22,17),(11446,'March 31, 2021 - 09:19:00 PM',24,18),(11447,'March 31, 2021 - 09:19:00 PM',50,19),(11448,'March 31, 2021 - 09:19:00 PM',36,20),(11449,'March 31, 2021 - 09:19:00 PM',2,21),(11450,'March 31, 2021 - 09:19:00 PM',39,22),(11451,'March 31, 2021 - 09:19:00 PM',56,23),(11452,'March 31, 2021 - 09:19:00 PM',53,24),(11453,'March 31, 2021 - 09:19:00 PM',26,25),(11454,'March 31, 2021 - 09:19:00 PM',44,28),(11455,'March 31, 2021 - 09:19:00 PM',20,38),(11456,'March 31, 2021 - 09:19:00 PM',33,46),(11457,'March 31, 2021 - 09:19:00 PM',25,47),(11458,'March 31, 2021 - 09:19:00 PM',51,7),(11459,'March 31, 2021 - 09:19:00 PM',19,9),(11460,'March 31, 2021 - 09:19:00 PM',19,10),(11461,'March 31, 2021 - 09:19:00 PM',27,11),(11462,'March 31, 2021 - 09:19:00 PM',31,12),(11463,'March 31, 2021 - 09:19:00 PM',60,13),(11464,'March 31, 2021 - 09:19:00 PM',46,14),(11465,'March 31, 2021 - 09:19:00 PM',28,15),(11466,'March 31, 2021 - 09:19:00 PM',45,26),(11467,'March 31, 2021 - 09:19:00 PM',47,31),(11468,'March 31, 2021 - 09:19:00 PM',59,41),(11469,'March 31, 2021 - 09:19:00 PM',31,48),(11470,'March 31, 2021 - 09:19:00 PM',30,2),(11471,'March 31, 2021 - 09:19:00 PM',32,32),(11472,'March 31, 2021 - 09:19:00 PM',57,45),(11473,'March 31, 2021 - 09:19:00 PM',29,6),(11474,'March 31, 2021 - 09:19:00 PM',37,39),(11475,'March 31, 2021 - 09:19:00 PM',49,40),(11476,'March 31, 2021 - 09:19:00 PM',54,29),(11573,'March 31, 2021 - 09:21:00 PM',15,135),(11574,'March 31, 2021 - 09:21:00 PM',40,136),(11575,'March 31, 2021 - 09:21:00 PM',13,37),(11576,'March 31, 2021 - 09:21:00 PM',23,138),(11577,'March 31, 2021 - 09:21:00 PM',18,137),(11578,'March 31, 2021 - 09:21:00 PM',1,34),(11579,'March 31, 2021 - 09:21:00 PM',4,49),(11580,'March 31, 2021 - 09:21:00 PM',34,43),(11581,'March 31, 2021 - 09:21:00 PM',42,44),(11582,'March 31, 2021 - 09:21:00 PM',58,42),(11583,'March 31, 2021 - 09:21:00 PM',17,33),(11584,'March 31, 2021 - 09:21:00 PM',52,36),(11585,'March 31, 2021 - 09:21:00 PM',43,50),(11586,'March 31, 2021 - 09:21:00 PM',16,27),(11587,'March 31, 2021 - 09:21:00 PM',38,30),(11588,'March 31, 2021 - 09:21:00 PM',35,16),(11589,'March 31, 2021 - 09:21:00 PM',22,17),(11590,'March 31, 2021 - 09:21:00 PM',24,18),(11591,'March 31, 2021 - 09:21:00 PM',50,19),(11592,'March 31, 2021 - 09:21:00 PM',36,20),(11593,'March 31, 2021 - 09:21:00 PM',2,21),(11594,'March 31, 2021 - 09:21:00 PM',39,22),(11595,'March 31, 2021 - 09:21:00 PM',56,23),(11596,'March 31, 2021 - 09:21:00 PM',53,24),(11597,'March 31, 2021 - 09:21:00 PM',26,25),(11598,'March 31, 2021 - 09:21:00 PM',44,28),(11599,'March 31, 2021 - 09:21:00 PM',20,38),(11600,'March 31, 2021 - 09:21:00 PM',33,46),(11601,'March 31, 2021 - 09:21:00 PM',25,47),(11602,'March 31, 2021 - 09:21:00 PM',51,7),(11603,'March 31, 2021 - 09:21:00 PM',19,9),(11604,'March 31, 2021 - 09:21:00 PM',14,10),(11605,'March 31, 2021 - 09:21:00 PM',27,11),(11606,'March 31, 2021 - 09:21:00 PM',28,12),(11607,'March 31, 2021 - 09:21:00 PM',60,13),(11608,'March 31, 2021 - 09:21:00 PM',46,14),(11609,'March 31, 2021 - 09:21:00 PM',28,15),(11610,'March 31, 2021 - 09:21:00 PM',45,26),(11611,'March 31, 2021 - 09:21:00 PM',47,31),(11612,'March 31, 2021 - 09:21:00 PM',59,41),(11613,'March 31, 2021 - 09:21:00 PM',31,48),(11614,'March 31, 2021 - 09:21:00 PM',30,2),(11615,'March 31, 2021 - 09:21:00 PM',32,32),(11616,'March 31, 2021 - 09:21:00 PM',57,45),(11617,'March 31, 2021 - 09:21:00 PM',29,6),(11618,'March 31, 2021 - 09:21:00 PM',37,39),(11619,'March 31, 2021 - 09:21:00 PM',49,40),(11620,'March 31, 2021 - 09:21:00 PM',54,29),(11669,'March 31, 2021 - 09:24:00 PM',15,135),(11670,'March 31, 2021 - 09:24:00 PM',40,136),(11671,'March 31, 2021 - 09:24:00 PM',13,37),(11672,'March 31, 2021 - 09:24:00 PM',23,138),(11673,'March 31, 2021 - 09:24:00 PM',18,137),(11674,'March 31, 2021 - 09:24:00 PM',1,34),(11675,'March 31, 2021 - 09:24:00 PM',4,49),(11676,'March 31, 2021 - 09:24:00 PM',34,43),(11677,'March 31, 2021 - 09:24:00 PM',42,44),(11678,'March 31, 2021 - 09:24:00 PM',58,42),(11679,'March 31, 2021 - 09:24:00 PM',17,33),(11680,'March 31, 2021 - 09:24:00 PM',52,36),(11681,'March 31, 2021 - 09:24:00 PM',43,50),(11682,'March 31, 2021 - 09:24:00 PM',16,27),(11683,'March 31, 2021 - 09:24:00 PM',38,30),(11684,'March 31, 2021 - 09:24:00 PM',35,16),(11685,'March 31, 2021 - 09:24:00 PM',22,17),(11686,'March 31, 2021 - 09:24:00 PM',24,18),(11687,'March 31, 2021 - 09:24:00 PM',50,19),(11688,'March 31, 2021 - 09:24:00 PM',36,20),(11689,'March 31, 2021 - 09:24:00 PM',2,21),(11690,'March 31, 2021 - 09:24:00 PM',39,22),(11691,'March 31, 2021 - 09:24:00 PM',56,23),(11692,'March 31, 2021 - 09:24:00 PM',53,24),(11693,'March 31, 2021 - 09:24:00 PM',26,25),(11694,'March 31, 2021 - 09:24:00 PM',44,28),(11695,'March 31, 2021 - 09:24:00 PM',20,38),(11696,'March 31, 2021 - 09:24:00 PM',33,46),(11697,'March 31, 2021 - 09:24:00 PM',25,47),(11698,'March 31, 2021 - 09:24:00 PM',51,7),(11699,'March 31, 2021 - 09:24:00 PM',19,9),(11700,'March 31, 2021 - 09:24:00 PM',14,10),(11701,'March 31, 2021 - 09:24:00 PM',27,11),(11702,'March 31, 2021 - 09:24:00 PM',28,12),(11703,'March 31, 2021 - 09:24:00 PM',60,13),(11704,'March 31, 2021 - 09:24:00 PM',46,14),(11705,'March 31, 2021 - 09:24:00 PM',28,15),(11706,'March 31, 2021 - 09:24:00 PM',45,26),(11707,'March 31, 2021 - 09:24:00 PM',47,31),(11708,'March 31, 2021 - 09:24:00 PM',59,41),(11709,'March 31, 2021 - 09:24:00 PM',31,48),(11710,'March 31, 2021 - 09:24:00 PM',30,2),(11711,'March 31, 2021 - 09:24:00 PM',32,32),(11712,'March 31, 2021 - 09:24:00 PM',57,45),(11713,'March 31, 2021 - 09:24:00 PM',29,6),(11714,'March 31, 2021 - 09:24:00 PM',37,39),(11715,'March 31, 2021 - 09:24:00 PM',49,40),(11716,'March 31, 2021 - 09:24:00 PM',54,29),(11813,'March 31, 2021 - 09:42:00 PM',15,135),(11814,'March 31, 2021 - 09:42:00 PM',40,136),(11815,'March 31, 2021 - 09:42:00 PM',13,37),(11816,'March 31, 2021 - 09:42:00 PM',23,138),(11817,'March 31, 2021 - 09:42:00 PM',18,137),(11818,'March 31, 2021 - 09:42:00 PM',1,34),(11819,'March 31, 2021 - 09:42:00 PM',4,49),(11820,'March 31, 2021 - 09:42:00 PM',34,43),(11821,'March 31, 2021 - 09:42:00 PM',42,44),(11822,'March 31, 2021 - 09:42:00 PM',58,42),(11823,'March 31, 2021 - 09:42:00 PM',17,33),(11824,'March 31, 2021 - 09:42:00 PM',52,36),(11825,'March 31, 2021 - 09:42:00 PM',43,50),(11826,'March 31, 2021 - 09:42:00 PM',16,27),(11827,'March 31, 2021 - 09:42:00 PM',38,30),(11828,'March 31, 2021 - 09:42:00 PM',35,16),(11829,'March 31, 2021 - 09:42:00 PM',22,17),(11830,'March 31, 2021 - 09:42:00 PM',24,18),(11831,'March 31, 2021 - 09:42:00 PM',50,19),(11832,'March 31, 2021 - 09:42:00 PM',36,20),(11833,'March 31, 2021 - 09:42:00 PM',2,21),(11834,'March 31, 2021 - 09:42:00 PM',39,22),(11835,'March 31, 2021 - 09:42:00 PM',56,23),(11836,'March 31, 2021 - 09:42:00 PM',53,24),(11837,'March 31, 2021 - 09:42:00 PM',26,25),(11838,'March 31, 2021 - 09:42:00 PM',44,28),(11839,'March 31, 2021 - 09:42:00 PM',20,38),(11840,'March 31, 2021 - 09:42:00 PM',33,46),(11841,'March 31, 2021 - 09:42:00 PM',25,47),(11842,'March 31, 2021 - 09:42:00 PM',51,7),(11843,'March 31, 2021 - 09:42:00 PM',19,9),(11844,'March 31, 2021 - 09:42:00 PM',14,10),(11845,'March 31, 2021 - 09:42:00 PM',27,11),(11846,'March 31, 2021 - 09:42:00 PM',21,12),(11847,'March 31, 2021 - 09:42:00 PM',60,13),(11848,'March 31, 2021 - 09:42:00 PM',46,14),(11849,'March 31, 2021 - 09:42:00 PM',28,15),(11850,'March 31, 2021 - 09:42:00 PM',45,26),(11851,'March 31, 2021 - 09:42:00 PM',47,31),(11852,'March 31, 2021 - 09:42:00 PM',59,41),(11853,'March 31, 2021 - 09:42:00 PM',31,48),(11854,'March 31, 2021 - 09:42:00 PM',30,2),(11855,'March 31, 2021 - 09:42:00 PM',32,32),(11856,'March 31, 2021 - 09:42:00 PM',57,45),(11857,'March 31, 2021 - 09:42:00 PM',29,6),(11858,'March 31, 2021 - 09:42:00 PM',37,39),(11859,'March 31, 2021 - 09:42:00 PM',49,40),(11860,'March 31, 2021 - 09:42:00 PM',54,29),(11909,'March 31, 2021 - 09:44:00 PM',15,135),(11910,'March 31, 2021 - 09:44:00 PM',40,136),(11911,'March 31, 2021 - 09:44:00 PM',13,37),(11912,'March 31, 2021 - 09:44:00 PM',23,138),(11913,'March 31, 2021 - 09:44:00 PM',18,137),(11914,'March 31, 2021 - 09:44:00 PM',1,34),(11915,'March 31, 2021 - 09:44:00 PM',4,49),(11916,'March 31, 2021 - 09:44:00 PM',34,43),(11917,'March 31, 2021 - 09:44:00 PM',42,44),(11918,'March 31, 2021 - 09:44:00 PM',58,42),(11919,'March 31, 2021 - 09:44:00 PM',17,33),(11920,'March 31, 2021 - 09:44:00 PM',52,36),(11921,'March 31, 2021 - 09:44:00 PM',43,50),(11922,'March 31, 2021 - 09:44:00 PM',16,27),(11923,'March 31, 2021 - 09:44:00 PM',38,30),(11924,'March 31, 2021 - 09:44:00 PM',35,16),(11925,'March 31, 2021 - 09:44:00 PM',22,17),(11926,'March 31, 2021 - 09:44:00 PM',24,18),(11927,'March 31, 2021 - 09:44:00 PM',50,19),(11928,'March 31, 2021 - 09:44:00 PM',36,20),(11929,'March 31, 2021 - 09:44:00 PM',2,21),(11930,'March 31, 2021 - 09:44:00 PM',39,22),(11931,'March 31, 2021 - 09:44:00 PM',56,23),(11932,'March 31, 2021 - 09:44:00 PM',53,24),(11933,'March 31, 2021 - 09:44:00 PM',26,25),(11934,'March 31, 2021 - 09:44:00 PM',44,28),(11935,'March 31, 2021 - 09:44:00 PM',20,38),(11936,'March 31, 2021 - 09:44:00 PM',33,46),(11937,'March 31, 2021 - 09:44:00 PM',25,47),(11938,'March 31, 2021 - 09:44:00 PM',51,7),(11939,'March 31, 2021 - 09:44:00 PM',19,9),(11940,'March 31, 2021 - 09:44:00 PM',14,10),(11941,'March 31, 2021 - 09:44:00 PM',27,11),(11942,'March 31, 2021 - 09:44:00 PM',30,12),(11943,'March 31, 2021 - 09:44:00 PM',60,13),(11944,'March 31, 2021 - 09:44:00 PM',46,14),(11945,'March 31, 2021 - 09:44:00 PM',28,15),(11946,'March 31, 2021 - 09:44:00 PM',45,26),(11947,'March 31, 2021 - 09:44:00 PM',47,31),(11948,'March 31, 2021 - 09:44:00 PM',59,41),(11949,'March 31, 2021 - 09:44:00 PM',31,48),(11950,'March 31, 2021 - 09:44:00 PM',30,2),(11951,'March 31, 2021 - 09:44:00 PM',32,32),(11952,'March 31, 2021 - 09:44:00 PM',57,45),(11953,'March 31, 2021 - 09:44:00 PM',29,6),(11954,'March 31, 2021 - 09:44:00 PM',37,39),(11955,'March 31, 2021 - 09:44:00 PM',49,40),(11956,'March 31, 2021 - 09:44:00 PM',54,29),(12149,'March 31, 2021 - 09:46:00 PM',15,135),(12150,'March 31, 2021 - 09:46:00 PM',40,136),(12151,'March 31, 2021 - 09:46:00 PM',13,37),(12152,'March 31, 2021 - 09:46:00 PM',23,138),(12153,'March 31, 2021 - 09:46:00 PM',18,137),(12154,'March 31, 2021 - 09:46:00 PM',14,34),(12155,'March 31, 2021 - 09:46:00 PM',4,49),(12156,'March 31, 2021 - 09:46:00 PM',34,43),(12157,'March 31, 2021 - 09:46:00 PM',42,44),(12158,'March 31, 2021 - 09:46:00 PM',58,42),(12159,'March 31, 2021 - 09:46:00 PM',17,33),(12160,'March 31, 2021 - 09:46:00 PM',52,36),(12161,'March 31, 2021 - 09:46:00 PM',43,50),(12162,'March 31, 2021 - 09:46:00 PM',16,27),(12163,'March 31, 2021 - 09:46:00 PM',38,30),(12164,'March 31, 2021 - 09:46:00 PM',35,16),(12165,'March 31, 2021 - 09:46:00 PM',22,17),(12166,'March 31, 2021 - 09:46:00 PM',24,18),(12167,'March 31, 2021 - 09:46:00 PM',50,19),(12168,'March 31, 2021 - 09:46:00 PM',36,20),(12169,'March 31, 2021 - 09:46:00 PM',2,21),(12170,'March 31, 2021 - 09:46:00 PM',39,22),(12171,'March 31, 2021 - 09:46:00 PM',56,23),(12172,'March 31, 2021 - 09:46:00 PM',53,24),(12173,'March 31, 2021 - 09:46:00 PM',26,25),(12174,'March 31, 2021 - 09:46:00 PM',44,28),(12175,'March 31, 2021 - 09:46:00 PM',20,38),(12176,'March 31, 2021 - 09:46:00 PM',33,46),(12177,'March 31, 2021 - 09:46:00 PM',25,47),(12178,'March 31, 2021 - 09:46:00 PM',51,7),(12179,'March 31, 2021 - 09:46:00 PM',19,9),(12180,'March 31, 2021 - 09:46:00 PM',32,10),(12181,'March 31, 2021 - 09:46:00 PM',27,11),(12182,'March 31, 2021 - 09:46:00 PM',21,12),(12183,'March 31, 2021 - 09:46:00 PM',60,13),(12184,'March 31, 2021 - 09:46:00 PM',46,14),(12185,'March 31, 2021 - 09:46:00 PM',28,15),(12186,'March 31, 2021 - 09:46:00 PM',45,26),(12187,'March 31, 2021 - 09:46:00 PM',47,31),(12188,'March 31, 2021 - 09:46:00 PM',59,41),(12189,'March 31, 2021 - 09:46:00 PM',31,48),(12190,'March 31, 2021 - 09:46:00 PM',30,2),(12191,'March 31, 2021 - 09:46:00 PM',1,32),(12192,'March 31, 2021 - 09:46:00 PM',57,45),(12193,'March 31, 2021 - 09:46:00 PM',29,6),(12194,'March 31, 2021 - 09:46:00 PM',37,39),(12195,'March 31, 2021 - 09:46:00 PM',49,40),(12196,'March 31, 2021 - 09:46:00 PM',54,29),(12197,'April 01, 2021 - 03:27:00 PM',15,135),(12198,'April 01, 2021 - 03:27:00 PM',40,136),(12199,'April 01, 2021 - 03:27:00 PM',13,37),(12200,'April 01, 2021 - 03:27:00 PM',23,138),(12201,'April 01, 2021 - 03:27:00 PM',18,137),(12202,'April 01, 2021 - 03:27:00 PM',1,34),(12203,'April 01, 2021 - 03:27:00 PM',4,49),(12204,'April 01, 2021 - 03:27:00 PM',34,43),(12205,'April 01, 2021 - 03:27:00 PM',42,44),(12206,'April 01, 2021 - 03:27:00 PM',58,42),(12207,'April 01, 2021 - 03:27:00 PM',17,33),(12208,'April 01, 2021 - 03:27:00 PM',52,36),(12209,'April 01, 2021 - 03:27:00 PM',43,50),(12210,'April 01, 2021 - 03:27:00 PM',16,27),(12211,'April 01, 2021 - 03:27:00 PM',38,30),(12212,'April 01, 2021 - 03:27:00 PM',35,16),(12213,'April 01, 2021 - 03:27:00 PM',22,17),(12214,'April 01, 2021 - 03:27:00 PM',24,18),(12215,'April 01, 2021 - 03:27:00 PM',50,19),(12216,'April 01, 2021 - 03:27:00 PM',36,20),(12217,'April 01, 2021 - 03:27:00 PM',2,21),(12218,'April 01, 2021 - 03:27:00 PM',39,22),(12219,'April 01, 2021 - 03:27:00 PM',56,23),(12220,'April 01, 2021 - 03:27:00 PM',53,24),(12221,'April 01, 2021 - 03:27:00 PM',26,25),(12222,'April 01, 2021 - 03:27:00 PM',44,28),(12223,'April 01, 2021 - 03:27:00 PM',20,38),(12224,'April 01, 2021 - 03:27:00 PM',33,46),(12225,'April 01, 2021 - 03:27:00 PM',25,47),(12226,'April 01, 2021 - 03:27:00 PM',51,7),(12227,'April 01, 2021 - 03:27:00 PM',19,9),(12228,'April 01, 2021 - 03:27:00 PM',16,10),(12229,'April 01, 2021 - 03:27:00 PM',27,11),(12230,'April 01, 2021 - 03:27:00 PM',31,12),(12231,'April 01, 2021 - 03:27:00 PM',60,13),(12232,'April 01, 2021 - 03:27:00 PM',46,14),(12233,'April 01, 2021 - 03:27:00 PM',28,15),(12234,'April 01, 2021 - 03:27:00 PM',45,26),(12235,'April 01, 2021 - 03:27:00 PM',47,31),(12236,'April 01, 2021 - 03:27:00 PM',59,41),(12237,'April 01, 2021 - 03:27:00 PM',31,48),(12238,'April 01, 2021 - 03:27:00 PM',30,2),(12239,'April 01, 2021 - 03:27:00 PM',32,32),(12240,'April 01, 2021 - 03:27:00 PM',57,45),(12241,'April 01, 2021 - 03:27:00 PM',29,6),(12242,'April 01, 2021 - 03:27:00 PM',37,39),(12243,'April 01, 2021 - 03:27:00 PM',49,40),(12244,'April 01, 2021 - 03:27:00 PM',54,29),(12341,'April 01, 2021 - 03:29:00 PM',15,135),(12342,'April 01, 2021 - 03:29:00 PM',40,136),(12343,'April 01, 2021 - 03:29:00 PM',13,37),(12344,'April 01, 2021 - 03:29:00 PM',23,138),(12345,'April 01, 2021 - 03:29:00 PM',18,137),(12346,'April 01, 2021 - 03:29:00 PM',1,34),(12347,'April 01, 2021 - 03:29:00 PM',4,49),(12348,'April 01, 2021 - 03:29:00 PM',34,43),(12349,'April 01, 2021 - 03:29:00 PM',42,44),(12350,'April 01, 2021 - 03:29:00 PM',58,42),(12351,'April 01, 2021 - 03:29:00 PM',17,33),(12352,'April 01, 2021 - 03:29:00 PM',52,36),(12353,'April 01, 2021 - 03:29:00 PM',43,50),(12354,'April 01, 2021 - 03:29:00 PM',16,27),(12355,'April 01, 2021 - 03:29:00 PM',38,30),(12356,'April 01, 2021 - 03:29:00 PM',35,16),(12357,'April 01, 2021 - 03:29:00 PM',22,17),(12358,'April 01, 2021 - 03:29:00 PM',24,18),(12359,'April 01, 2021 - 03:29:00 PM',50,19),(12360,'April 01, 2021 - 03:29:00 PM',36,20),(12361,'April 01, 2021 - 03:29:00 PM',2,21),(12362,'April 01, 2021 - 03:29:00 PM',39,22),(12363,'April 01, 2021 - 03:29:00 PM',56,23),(12364,'April 01, 2021 - 03:29:00 PM',53,24),(12365,'April 01, 2021 - 03:29:00 PM',26,25),(12366,'April 01, 2021 - 03:29:00 PM',44,28),(12367,'April 01, 2021 - 03:29:00 PM',20,38),(12368,'April 01, 2021 - 03:29:00 PM',33,46),(12369,'April 01, 2021 - 03:29:00 PM',25,47),(12370,'April 01, 2021 - 03:29:00 PM',51,7),(12371,'April 01, 2021 - 03:29:00 PM',19,9),(12372,'April 01, 2021 - 03:29:00 PM',14,10),(12373,'April 01, 2021 - 03:29:00 PM',27,11),(12374,'April 01, 2021 - 03:29:00 PM',28,12),(12375,'April 01, 2021 - 03:29:00 PM',60,13),(12376,'April 01, 2021 - 03:29:00 PM',46,14),(12377,'April 01, 2021 - 03:29:00 PM',21,15),(12378,'April 01, 2021 - 03:29:00 PM',45,26),(12379,'April 01, 2021 - 03:29:00 PM',47,31),(12380,'April 01, 2021 - 03:29:00 PM',59,41),(12381,'April 01, 2021 - 03:29:00 PM',31,48),(12382,'April 01, 2021 - 03:29:00 PM',30,2),(12383,'April 01, 2021 - 03:29:00 PM',32,32),(12384,'April 01, 2021 - 03:29:00 PM',57,45),(12385,'April 01, 2021 - 03:29:00 PM',29,6),(12386,'April 01, 2021 - 03:29:00 PM',37,39),(12387,'April 01, 2021 - 03:29:00 PM',49,40),(12388,'April 01, 2021 - 03:29:00 PM',54,29),(12485,'April 06, 2021 - 02:07:00 PM',15,135),(12486,'April 06, 2021 - 02:07:00 PM',40,136),(12487,'April 06, 2021 - 02:07:00 PM',13,37),(12488,'April 06, 2021 - 02:07:00 PM',23,138),(12489,'April 06, 2021 - 02:07:00 PM',18,137),(12490,'April 06, 2021 - 02:07:00 PM',1,34),(12491,'April 06, 2021 - 02:07:00 PM',4,49),(12492,'April 06, 2021 - 02:07:00 PM',34,43),(12493,'April 06, 2021 - 02:07:00 PM',42,44),(12494,'April 06, 2021 - 02:07:00 PM',58,42),(12495,'April 06, 2021 - 02:07:00 PM',17,33),(12496,'April 06, 2021 - 02:07:00 PM',52,36),(12497,'April 06, 2021 - 02:07:00 PM',43,50),(12498,'April 06, 2021 - 02:07:00 PM',16,27),(12499,'April 06, 2021 - 02:07:00 PM',38,30),(12500,'April 06, 2021 - 02:07:00 PM',35,16),(12501,'April 06, 2021 - 02:07:00 PM',22,17),(12502,'April 06, 2021 - 02:07:00 PM',24,18),(12503,'April 06, 2021 - 02:07:00 PM',50,19),(12504,'April 06, 2021 - 02:07:00 PM',36,20),(12505,'April 06, 2021 - 02:07:00 PM',2,21),(12506,'April 06, 2021 - 02:07:00 PM',39,22),(12507,'April 06, 2021 - 02:07:00 PM',56,23),(12508,'April 06, 2021 - 02:07:00 PM',53,24),(12509,'April 06, 2021 - 02:07:00 PM',26,25),(12510,'April 06, 2021 - 02:07:00 PM',44,28),(12511,'April 06, 2021 - 02:07:00 PM',20,38),(12512,'April 06, 2021 - 02:07:00 PM',33,46),(12513,'April 06, 2021 - 02:07:00 PM',25,47),(12514,'April 06, 2021 - 02:07:00 PM',51,7),(12515,'April 06, 2021 - 02:07:00 PM',32,9),(12516,'April 06, 2021 - 02:07:00 PM',14,10),(12517,'April 06, 2021 - 02:07:00 PM',27,11),(12518,'April 06, 2021 - 02:07:00 PM',32,12),(12519,'April 06, 2021 - 02:07:00 PM',60,13),(12520,'April 06, 2021 - 02:07:00 PM',46,14),(12521,'April 06, 2021 - 02:07:00 PM',28,15),(12522,'April 06, 2021 - 02:07:00 PM',45,26),(12523,'April 06, 2021 - 02:07:00 PM',47,31),(12524,'April 06, 2021 - 02:07:00 PM',59,41),(12525,'April 06, 2021 - 02:07:00 PM',31,48),(12526,'April 06, 2021 - 02:07:00 PM',30,2),(12527,'April 06, 2021 - 02:07:00 PM',32,32),(12528,'April 06, 2021 - 02:07:00 PM',57,45),(12529,'April 06, 2021 - 02:07:00 PM',29,6),(12530,'April 06, 2021 - 02:07:00 PM',37,39),(12531,'April 06, 2021 - 02:07:00 PM',49,40),(12532,'April 06, 2021 - 02:07:00 PM',54,29),(12581,'April 06, 2021 - 02:50:00 PM',48,135),(12582,'April 06, 2021 - 02:50:00 PM',19,136),(12583,'April 06, 2021 - 02:50:00 PM',13,37),(12584,'April 06, 2021 - 02:50:00 PM',23,138),(12585,'April 06, 2021 - 02:50:00 PM',18,137),(12586,'April 06, 2021 - 02:50:00 PM',1,34),(12587,'April 06, 2021 - 02:50:00 PM',4,49),(12588,'April 06, 2021 - 02:50:00 PM',21,43),(12589,'April 06, 2021 - 02:50:00 PM',42,44),(12590,'April 06, 2021 - 02:50:00 PM',55,42),(12591,'April 06, 2021 - 02:50:00 PM',17,33),(12592,'April 06, 2021 - 02:50:00 PM',34,36),(12593,'April 06, 2021 - 02:50:00 PM',52,50),(12594,'April 06, 2021 - 02:50:00 PM',16,27),(12595,'April 06, 2021 - 02:50:00 PM',38,30),(12596,'April 06, 2021 - 02:50:00 PM',32,16),(12597,'April 06, 2021 - 02:50:00 PM',22,17),(12598,'April 06, 2021 - 02:50:00 PM',53,18),(12599,'April 06, 2021 - 02:50:00 PM',63,19),(12600,'April 06, 2021 - 02:50:00 PM',36,20),(12601,'April 06, 2021 - 02:50:00 PM',2,21),(12602,'April 06, 2021 - 02:50:00 PM',39,22),(12603,'April 06, 2021 - 02:50:00 PM',35,23),(12604,'April 06, 2021 - 02:50:00 PM',50,24),(12605,'April 06, 2021 - 02:50:00 PM',26,25),(12606,'April 06, 2021 - 02:50:00 PM',44,28),(12607,'April 06, 2021 - 02:50:00 PM',41,38),(12608,'April 06, 2021 - 02:50:00 PM',62,46),(12609,'April 06, 2021 - 02:50:00 PM',25,47),(12610,'April 06, 2021 - 02:50:00 PM',51,7),(12611,'April 06, 2021 - 02:50:00 PM',15,9),(12612,'April 06, 2021 - 02:50:00 PM',43,10),(12613,'April 06, 2021 - 02:50:00 PM',27,11),(12614,'April 06, 2021 - 02:50:00 PM',46,12),(12615,'April 06, 2021 - 02:50:00 PM',33,13),(12616,'April 06, 2021 - 02:50:00 PM',20,14),(12617,'April 06, 2021 - 02:50:00 PM',56,15),(12618,'April 06, 2021 - 02:50:00 PM',45,26),(12619,'April 06, 2021 - 02:50:00 PM',24,31),(12620,'April 06, 2021 - 02:50:00 PM',28,41),(12621,'April 06, 2021 - 02:50:00 PM',31,48),(12622,'April 06, 2021 - 02:50:00 PM',30,2),(12623,'April 06, 2021 - 02:50:00 PM',14,32),(12624,'April 06, 2021 - 02:50:00 PM',57,45),(12625,'April 06, 2021 - 02:50:00 PM',29,6),(12626,'April 06, 2021 - 02:50:00 PM',37,39),(12627,'April 06, 2021 - 02:50:00 PM',49,40),(12628,'April 06, 2021 - 02:50:00 PM',54,29),(12677,'April 06, 2021 - 02:55:00 PM',48,135),(12678,'April 06, 2021 - 02:55:00 PM',19,136),(12679,'April 06, 2021 - 02:55:00 PM',13,37),(12680,'April 06, 2021 - 02:55:00 PM',23,138),(12681,'April 06, 2021 - 02:55:00 PM',18,137),(12682,'April 06, 2021 - 02:55:00 PM',1,34),(12683,'April 06, 2021 - 02:55:00 PM',4,49),(12684,'April 06, 2021 - 02:55:00 PM',21,43),(12685,'April 06, 2021 - 02:55:00 PM',42,44),(12686,'April 06, 2021 - 02:55:00 PM',55,42),(12687,'April 06, 2021 - 02:55:00 PM',17,33),(12688,'April 06, 2021 - 02:55:00 PM',34,36),(12689,'April 06, 2021 - 02:55:00 PM',52,50),(12690,'April 06, 2021 - 02:55:00 PM',16,27),(12691,'April 06, 2021 - 02:55:00 PM',38,30),(12692,'April 06, 2021 - 02:55:00 PM',32,16),(12693,'April 06, 2021 - 02:55:00 PM',22,17),(12694,'April 06, 2021 - 02:55:00 PM',53,18),(12695,'April 06, 2021 - 02:55:00 PM',63,19),(12696,'April 06, 2021 - 02:55:00 PM',36,20),(12697,'April 06, 2021 - 02:55:00 PM',2,21),(12698,'April 06, 2021 - 02:55:00 PM',39,22),(12699,'April 06, 2021 - 02:55:00 PM',35,23),(12700,'April 06, 2021 - 02:55:00 PM',50,24),(12701,'April 06, 2021 - 02:55:00 PM',26,25),(12702,'April 06, 2021 - 02:55:00 PM',44,28),(12703,'April 06, 2021 - 02:55:00 PM',41,38),(12704,'April 06, 2021 - 02:55:00 PM',62,46),(12705,'April 06, 2021 - 02:55:00 PM',25,47),(12706,'April 06, 2021 - 02:55:00 PM',51,7),(12707,'April 06, 2021 - 02:55:00 PM',15,9),(12708,'April 06, 2021 - 02:55:00 PM',43,10),(12709,'April 06, 2021 - 02:55:00 PM',27,11),(12710,'April 06, 2021 - 02:55:00 PM',46,12),(12711,'April 06, 2021 - 02:55:00 PM',33,13),(12712,'April 06, 2021 - 02:55:00 PM',20,14),(12713,'April 06, 2021 - 02:55:00 PM',56,15),(12714,'April 06, 2021 - 02:55:00 PM',45,26),(12715,'April 06, 2021 - 02:55:00 PM',24,31),(12716,'April 06, 2021 - 02:55:00 PM',28,41),(12717,'April 06, 2021 - 02:55:00 PM',31,48),(12718,'April 06, 2021 - 02:55:00 PM',30,2),(12719,'April 06, 2021 - 02:55:00 PM',14,32),(12720,'April 06, 2021 - 02:55:00 PM',57,45),(12721,'April 06, 2021 - 02:55:00 PM',29,6),(12722,'April 06, 2021 - 02:55:00 PM',37,39),(12723,'April 06, 2021 - 02:55:00 PM',49,40),(12724,'April 06, 2021 - 02:55:00 PM',54,29),(12725,'April 06, 2021 - 03:13:00 PM',48,135),(12726,'April 06, 2021 - 03:13:00 PM',19,136),(12727,'April 06, 2021 - 03:13:00 PM',13,37),(12728,'April 06, 2021 - 03:13:00 PM',23,138),(12729,'April 06, 2021 - 03:13:00 PM',18,137),(12730,'April 06, 2021 - 03:13:00 PM',1,34),(12731,'April 06, 2021 - 03:13:00 PM',4,49),(12732,'April 06, 2021 - 03:13:00 PM',21,43),(12733,'April 06, 2021 - 03:13:00 PM',42,44),(12734,'April 06, 2021 - 03:13:00 PM',55,42),(12735,'April 06, 2021 - 03:13:00 PM',17,33),(12736,'April 06, 2021 - 03:13:00 PM',34,36),(12737,'April 06, 2021 - 03:13:00 PM',52,50),(12738,'April 06, 2021 - 03:13:00 PM',16,27),(12739,'April 06, 2021 - 03:13:00 PM',38,30),(12740,'April 06, 2021 - 03:13:00 PM',32,16),(12741,'April 06, 2021 - 03:13:00 PM',22,17),(12742,'April 06, 2021 - 03:13:00 PM',53,18),(12743,'April 06, 2021 - 03:13:00 PM',63,19),(12744,'April 06, 2021 - 03:13:00 PM',36,20),(12745,'April 06, 2021 - 03:13:00 PM',2,21),(12746,'April 06, 2021 - 03:13:00 PM',39,22),(12747,'April 06, 2021 - 03:13:00 PM',35,23),(12748,'April 06, 2021 - 03:13:00 PM',50,24),(12749,'April 06, 2021 - 03:13:00 PM',26,25),(12750,'April 06, 2021 - 03:13:00 PM',44,28),(12751,'April 06, 2021 - 03:13:00 PM',41,38),(12752,'April 06, 2021 - 03:13:00 PM',62,46),(12753,'April 06, 2021 - 03:13:00 PM',25,47),(12754,'April 06, 2021 - 03:13:00 PM',51,7),(12755,'April 06, 2021 - 03:13:00 PM',15,9),(12756,'April 06, 2021 - 03:13:00 PM',43,10),(12757,'April 06, 2021 - 03:13:00 PM',27,11),(12758,'April 06, 2021 - 03:13:00 PM',46,12),(12759,'April 06, 2021 - 03:13:00 PM',33,13),(12760,'April 06, 2021 - 03:13:00 PM',20,14),(12761,'April 06, 2021 - 03:13:00 PM',56,15),(12762,'April 06, 2021 - 03:13:00 PM',45,26),(12763,'April 06, 2021 - 03:13:00 PM',24,31),(12764,'April 06, 2021 - 03:13:00 PM',28,41),(12765,'April 06, 2021 - 03:13:00 PM',31,48),(12766,'April 06, 2021 - 03:13:00 PM',30,2),(12767,'April 06, 2021 - 03:13:00 PM',64,32),(12768,'April 06, 2021 - 03:13:00 PM',57,45),(12769,'April 06, 2021 - 03:13:00 PM',29,6),(12770,'April 06, 2021 - 03:13:00 PM',37,39),(12771,'April 06, 2021 - 03:13:00 PM',49,40),(12772,'April 06, 2021 - 03:13:00 PM',54,29),(12773,'April 07, 2021 - 04:39:00 PM',48,135),(12774,'April 07, 2021 - 04:39:00 PM',19,136),(12775,'April 07, 2021 - 04:39:00 PM',15,139),(12776,'April 07, 2021 - 04:39:00 PM',13,37),(12777,'April 07, 2021 - 04:39:00 PM',23,138),(12778,'April 07, 2021 - 04:39:00 PM',18,137),(12779,'April 07, 2021 - 04:39:00 PM',1,34),(12780,'April 07, 2021 - 04:39:00 PM',4,49),(12781,'April 07, 2021 - 04:39:00 PM',21,43),(12782,'April 07, 2021 - 04:39:00 PM',42,44),(12783,'April 07, 2021 - 04:39:00 PM',55,42),(12784,'April 07, 2021 - 04:39:00 PM',17,33),(12785,'April 07, 2021 - 04:39:00 PM',34,36),(12786,'April 07, 2021 - 04:39:00 PM',52,50),(12787,'April 07, 2021 - 04:39:00 PM',16,27),(12788,'April 07, 2021 - 04:39:00 PM',38,30),(12789,'April 07, 2021 - 04:39:00 PM',32,16),(12790,'April 07, 2021 - 04:39:00 PM',22,17),(12791,'April 07, 2021 - 04:39:00 PM',53,18),(12792,'April 07, 2021 - 04:39:00 PM',63,19),(12793,'April 07, 2021 - 04:39:00 PM',36,20),(12794,'April 07, 2021 - 04:39:00 PM',2,21),(12795,'April 07, 2021 - 04:39:00 PM',39,22),(12796,'April 07, 2021 - 04:39:00 PM',35,23),(12797,'April 07, 2021 - 04:39:00 PM',50,24),(12798,'April 07, 2021 - 04:39:00 PM',26,25),(12799,'April 07, 2021 - 04:39:00 PM',44,28),(12800,'April 07, 2021 - 04:39:00 PM',41,38),(12801,'April 07, 2021 - 04:39:00 PM',62,46),(12802,'April 07, 2021 - 04:39:00 PM',25,47),(12803,'April 07, 2021 - 04:39:00 PM',51,7),(12804,'April 07, 2021 - 04:39:00 PM',15,9),(12805,'April 07, 2021 - 04:39:00 PM',43,10),(12806,'April 07, 2021 - 04:39:00 PM',27,11),(12807,'April 07, 2021 - 04:39:00 PM',46,12),(12808,'April 07, 2021 - 04:39:00 PM',33,13),(12809,'April 07, 2021 - 04:39:00 PM',20,14),(12810,'April 07, 2021 - 04:39:00 PM',56,15),(12811,'April 07, 2021 - 04:39:00 PM',45,26),(12812,'April 07, 2021 - 04:39:00 PM',24,31),(12813,'April 07, 2021 - 04:39:00 PM',28,41),(12814,'April 07, 2021 - 04:39:00 PM',31,48),(12815,'April 07, 2021 - 04:39:00 PM',30,2),(12816,'April 07, 2021 - 04:39:00 PM',64,32),(12817,'April 07, 2021 - 04:39:00 PM',57,45),(12818,'April 07, 2021 - 04:39:00 PM',29,6),(12819,'April 07, 2021 - 04:39:00 PM',37,39),(12820,'April 07, 2021 - 04:39:00 PM',49,40),(12821,'April 07, 2021 - 04:39:00 PM',54,29),(12822,'April 07, 2021 - 04:39:00 PM',NULL,139),(12823,'April 07, 2021 - 04:40:00 PM',48,135),(12824,'April 07, 2021 - 04:40:00 PM',40,136),(12825,'April 07, 2021 - 04:40:00 PM',47,139),(12826,'April 07, 2021 - 04:40:00 PM',27,140),(12827,'April 07, 2021 - 04:40:00 PM',13,37),(12828,'April 07, 2021 - 04:40:00 PM',23,138),(12829,'April 07, 2021 - 04:40:00 PM',18,137),(12830,'April 07, 2021 - 04:40:00 PM',1,34),(12831,'April 07, 2021 - 04:40:00 PM',4,49),(12832,'April 07, 2021 - 04:40:00 PM',21,43),(12833,'April 07, 2021 - 04:40:00 PM',42,44),(12834,'April 07, 2021 - 04:40:00 PM',52,42),(12835,'April 07, 2021 - 04:40:00 PM',17,33),(12836,'April 07, 2021 - 04:40:00 PM',34,36),(12837,'April 07, 2021 - 04:40:00 PM',55,50),(12838,'April 07, 2021 - 04:40:00 PM',16,27),(12839,'April 07, 2021 - 04:40:00 PM',38,30),(12840,'April 07, 2021 - 04:40:00 PM',32,16),(12841,'April 07, 2021 - 04:40:00 PM',22,17),(12842,'April 07, 2021 - 04:40:00 PM',53,18),(12843,'April 07, 2021 - 04:40:00 PM',26,19),(12844,'April 07, 2021 - 04:40:00 PM',36,20),(12845,'April 07, 2021 - 04:40:00 PM',2,21),(12846,'April 07, 2021 - 04:40:00 PM',39,22),(12847,'April 07, 2021 - 04:40:00 PM',41,23),(12848,'April 07, 2021 - 04:40:00 PM',62,24),(12849,'April 07, 2021 - 04:40:00 PM',63,25),(12850,'April 07, 2021 - 04:40:00 PM',44,28),(12851,'April 07, 2021 - 04:40:00 PM',50,38),(12852,'April 07, 2021 - 04:40:00 PM',35,46),(12853,'April 07, 2021 - 04:40:00 PM',25,47),(12854,'April 07, 2021 - 04:40:00 PM',51,7),(12855,'April 07, 2021 - 04:40:00 PM',15,9),(12856,'April 07, 2021 - 04:40:00 PM',43,10),(12857,'April 07, 2021 - 04:40:00 PM',27,11),(12858,'April 07, 2021 - 04:40:00 PM',46,12),(12859,'April 07, 2021 - 04:40:00 PM',33,13),(12860,'April 07, 2021 - 04:40:00 PM',20,14),(12861,'April 07, 2021 - 04:40:00 PM',56,15),(12862,'April 07, 2021 - 04:40:00 PM',31,26),(12863,'April 07, 2021 - 04:40:00 PM',24,31),(12864,'April 07, 2021 - 04:40:00 PM',28,41),(12865,'April 07, 2021 - 04:40:00 PM',45,48),(12866,'April 07, 2021 - 04:40:00 PM',30,2),(12867,'April 07, 2021 - 04:40:00 PM',64,32),(12868,'April 07, 2021 - 04:40:00 PM',57,45),(12869,'April 07, 2021 - 04:40:00 PM',29,6),(12870,'April 07, 2021 - 04:40:00 PM',37,39),(12871,'April 07, 2021 - 04:40:00 PM',49,40),(12872,'April 07, 2021 - 04:40:00 PM',54,29),(12873,'April 07, 2021 - 04:40:00 PM',NULL,140),(12874,'April 07, 2021 - 04:41:00 PM',48,135),(12875,'April 07, 2021 - 04:41:00 PM',40,136),(12876,'April 07, 2021 - 04:41:00 PM',58,139),(12877,'April 07, 2021 - 04:41:00 PM',28,140),(12878,'April 07, 2021 - 04:41:00 PM',22,141),(12879,'April 07, 2021 - 04:41:00 PM',13,37),(12880,'April 07, 2021 - 04:41:00 PM',23,138),(12881,'April 07, 2021 - 04:41:00 PM',18,137),(12882,'April 07, 2021 - 04:41:00 PM',1,34),(12883,'April 07, 2021 - 04:41:00 PM',4,49),(12884,'April 07, 2021 - 04:41:00 PM',34,43),(12885,'April 07, 2021 - 04:41:00 PM',42,44),(12886,'April 07, 2021 - 04:41:00 PM',52,42),(12887,'April 07, 2021 - 04:41:00 PM',17,33),(12888,'April 07, 2021 - 04:41:00 PM',21,36),(12889,'April 07, 2021 - 04:41:00 PM',55,50),(12890,'April 07, 2021 - 04:41:00 PM',16,27),(12891,'April 07, 2021 - 04:41:00 PM',38,30),(12892,'April 07, 2021 - 04:41:00 PM',32,16),(12893,'April 07, 2021 - 04:41:00 PM',22,17),(12894,'April 07, 2021 - 04:41:00 PM',35,18),(12895,'April 07, 2021 - 04:41:00 PM',26,19),(12896,'April 07, 2021 - 04:41:00 PM',36,20),(12897,'April 07, 2021 - 04:41:00 PM',2,21),(12898,'April 07, 2021 - 04:41:00 PM',39,22),(12899,'April 07, 2021 - 04:41:00 PM',62,23),(12900,'April 07, 2021 - 04:41:00 PM',53,24),(12901,'April 07, 2021 - 04:41:00 PM',63,25),(12902,'April 07, 2021 - 04:41:00 PM',44,28),(12903,'April 07, 2021 - 04:41:00 PM',50,38),(12904,'April 07, 2021 - 04:41:00 PM',41,46),(12905,'April 07, 2021 - 04:41:00 PM',25,47),(12906,'April 07, 2021 - 04:41:00 PM',51,7),(12907,'April 07, 2021 - 04:41:00 PM',15,9),(12908,'April 07, 2021 - 04:41:00 PM',47,10),(12909,'April 07, 2021 - 04:41:00 PM',31,11),(12910,'April 07, 2021 - 04:41:00 PM',43,12),(12911,'April 07, 2021 - 04:41:00 PM',46,13),(12912,'April 07, 2021 - 04:41:00 PM',20,14),(12913,'April 07, 2021 - 04:41:00 PM',56,15),(12914,'April 07, 2021 - 04:41:00 PM',45,26),(12915,'April 07, 2021 - 04:41:00 PM',24,31),(12916,'April 07, 2021 - 04:41:00 PM',33,41),(12917,'April 07, 2021 - 04:41:00 PM',27,48),(12918,'April 07, 2021 - 04:41:00 PM',30,2),(12919,'April 07, 2021 - 04:41:00 PM',54,32),(12920,'April 07, 2021 - 04:41:00 PM',57,45),(12921,'April 07, 2021 - 04:41:00 PM',29,6),(12922,'April 07, 2021 - 04:41:00 PM',37,39),(12923,'April 07, 2021 - 04:41:00 PM',49,40),(12924,'April 07, 2021 - 04:41:00 PM',64,29),(12925,'April 07, 2021 - 04:41:00 PM',NULL,141);
/*!40000 ALTER TABLE `patient_nurse_assignments` ENABLE KEYS */;
UNLOCK TABLES;

--
-- Table structure for table `patients`
--

DROP TABLE IF EXISTS `patients`;
/*!40101 SET @saved_cs_client     = @@character_set_client */;
/*!50503 SET character_set_client = utf8mb4 */;
CREATE TABLE `patients` (
  `id` int NOT NULL AUTO_INCREMENT,
  `name` varchar(250) NOT NULL,
  `clinical_area` varchar(100) DEFAULT NULL,
  `bed_num` int DEFAULT NULL,
  `acuity` int DEFAULT NULL,
  `a_trained` tinyint(1) DEFAULT NULL,
  `transfer` tinyint(1) DEFAULT NULL,
  `iv` tinyint(1) DEFAULT NULL,
  `one_to_one` tinyint(1) DEFAULT NULL,
  `previous_nurses` varchar(250) DEFAULT NULL,
  `admission_date` varchar(250) DEFAULT NULL,
  `discharged_date` varchar(250) DEFAULT '-',
  `comments` varchar(250) DEFAULT NULL,
  `twin` int DEFAULT NULL,
  PRIMARY KEY (`id`)
) ENGINE=InnoDB AUTO_INCREMENT=142 DEFAULT CHARSET=utf8mb4 COLLATE=utf8mb4_0900_ai_ci;
/*!40101 SET character_set_client = @saved_cs_client */;

--
-- Dumping data for table `patients`
--

LOCK TABLES `patients` WRITE;
/*!40000 ALTER TABLE `patients` DISABLE KEYS */;
INSERT INTO `patients` VALUES (2,'Laurel Lawrence','F',3,5,1,0,0,0,'[2,5]','2020-11-18','-','',0),(4,'Aliyah Whittle','F',5,5,1,1,1,1,'[29]','2020-11-19','2020-11-20','1',1),(5,'Tudor Krueger','F',6,3,1,0,1,1,'[]','2020-11-18','2020-11-20','',1),(6,'Ariella Hussain','F',9,5,1,0,0,1,'[5,6]','2020-11-18','-','',0),(7,'Lauren Bolton','E',1,2,0,0,0,0,'[]','2020-11-18','-','',1),(8,'Kia Bolton','E',1,2,1,0,0,0,'[]','2020-11-18','-','',1),(9,'Harley Reid','E',3,4,0,1,0,0,'[]','2020-11-18','-','',0),(10,'Kieran Hodgson','E',4,1,0,0,0,0,'[]','2020-11-18','-','',0),(11,'Olivia Fuller','E',5,4,0,0,0,0,'[]','2020-11-18','-','',0),(12,'Nile Russo','E',6,1,0,0,0,0,'[]','2020-11-18','-','',0),(13,'Frida Porter','E',7,1,0,0,0,0,'[]','2020-11-18','-','',0),(14,'Shayne Lane','E',8,2,0,0,0,0,'[]','2020-11-18','-','',0),(15,'Daisie Cohen','E',9,2,0,0,0,0,'[]','2020-11-18','-','',0),(16,'Aedan Sutherland','D',1,2,0,1,0,0,'[]','2020-11-18','-','',0),(17,'Kathryn Kendall','D',2,5,0,0,0,1,'[8]','2020-11-18','-','',0),(18,'Rosalie Callaghan','D',3,2,0,0,0,0,'[]','2020-11-18','-','',0),(19,'Kanye Wicks','D',4,3,0,0,0,0,'[]','2020-11-18','-','',0),(20,'Geoffrey Jimenez','D',5,4,0,0,0,0,'[]','2020-11-18','-','',0),(21,'Jordon Rhodes','D',6,1,0,0,0,0,'[11, 2]','2020-11-18','-','',0),(22,'Preston Krause','D',7,4,0,0,0,0,'[]','2020-11-18','-','',0),(23,'Brenda Livingston','D',8,2,0,0,0,0,'[]','2020-11-18','-','',0),(24,'Tate Thomson','D',9,2,0,0,0,0,'[]','2020-11-18','-','',0),(25,'Maxime Naylor','D',10,3,0,0,0,0,'[]','2020-11-18','-','',0),(26,'Bentley Schneider','E',10,4,0,0,0,0,'[]','2020-11-18','-','',0),(27,'Kaitlyn Lord','C',10,5,0,1,0,1,'[1,16]','2020-11-18','-','',0),(28,'Spencer Waller','D',11,4,0,0,0,0,'[]','2020-11-18','-','',0),(29,'Kady Franks','F',14,3,0,0,0,0,'[]','2020-11-18','-','',0),(30,'Bruce Baxter','C',12,5,0,0,0,0,'[]','2020-11-18','-','',1),(31,'Sofia Patel','E',11,2,0,0,0,0,'[]','2020-11-18','-','',0),(32,'Avi Salgado','F',4,3,0,1,0,0,'[]','2020-11-18','-','',0),(33,'Fenella Velazquez','C',5,4,0,0,0,0,'[]','2020-11-18','-','',0),(34,'Zaine Merritt','B',1,2,0,0,0,0,'[]','2020-11-18','-','',0),(35,'Cassie Lozano','F',4,3,0,0,0,0,'[]','2020-11-18','-','',0),(36,'Willie Mcnamara','C',6,3,0,0,0,0,'[]','2020-11-18','-','',0),(37,'Philippa Montes','A',7,4,0,0,0,0,'[]','2020-11-18','-','',0),(38,'Robin Hendricks','D',12,2,0,0,0,0,'[]','2020-11-18','-','',0),(39,'Kaci Porter','F',10,1,0,0,0,0,'[]','2020-11-18','-','',0),(40,'Kathleen Farrow','F',11,5,0,0,0,0,'[]','2020-11-18','-','',0),(41,'Merryn Fellows','E',12,1,0,0,0,0,'[]','2020-11-18','-','',0),(42,'Scarlet Odling','C',4,2,0,0,0,0,'[]','2020-11-18','-','',0),(43,'Dillan Pearson','C',2,3,0,0,0,0,'[]','2020-11-18','-','',0),(44,'Conrad Quintana','C',3,5,0,0,0,0,'[]','2020-11-18','-','',0),(45,'Rhea Christensen','F',6,3,0,1,0,0,'[]','2020-11-18','-','',0),(46,'Kate Montgomery','D',13,2,0,0,0,0,'[]','2020-11-18','-','',0),(47,'Sherry Searle','D',14,4,0,0,0,0,'[]','2020-11-18','-','',0),(48,'Emilis Burris','E',13,4,0,0,0,0,'[]','2020-11-18','-','',0),(49,'Douglas Webber','C',1,4,0,0,0,0,'[]','2020-11-18','-','',0),(50,'Jamaal Mackenzie','C',7,2,0,0,0,0,'[]','2020-11-18','-','',0),(51,'Jadine Hines','D',3,1,0,0,0,0,'[]','2020-11-18','10/30/2020','',0),(52,'Janine Morley','F',4,5,0,0,0,0,'[]','2020-11-18','10/30/2020','',0),(53,'Piper Mcdowell','E',1,3,0,1,0,0,'[]','2020-11-18','10/30/2020','',0),(54,'Rafael Alfaro','D',7,1,0,0,0,0,'[]','2020-11-18','10/30/2020','',0),(55,'Orion Macdonald','D',4,2,0,0,0,0,'[]','2020-11-18','10/30/2020','',0),(56,'Rui Stevens','F',3,2,1,0,0,0,'[]','2020-11-18','10/30/2020','',0),(57,'Fraser Klein','D',6,3,0,0,0,0,'[]','2020-11-18','10/30/2020','',0),(58,'Garrett Carlson','F',1,1,0,0,0,0,'[]','2020-11-18','10/30/2020','',0),(59,'Lacey Crowther','F',10,1,0,0,0,0,'[]','2020-11-18','10/30/2020','',0),(60,'Carolina Collier','F',5,4,1,0,0,0,'[]','2020-11-18','10/30/2020','',0),(61,'Carol Cortes','E',13,2,0,1,0,0,'[]','2020-11-18','10/30/2020','',0),(62,'Caroline Conrad','C',14,5,0,0,0,1,'[]','2020-11-18','10/30/2020','',0),(63,'Shay Mcmillan','A',2,2,0,0,0,0,'[]','2020-11-18','10/30/2020','',0),(64,'Joann Denton','F',6,3,1,0,0,0,'[]','2020-11-18','10/30/2020','',0),(65,'Octavia Perry','C',7,1,0,0,0,0,'[]','2020-11-18','10/30/2020','',0),(66,'Octavio Schneider','C',9,4,0,0,0,0,'[]','2020-11-18','10/30/2020','',0),(67,'Mitchel Cohen','E',4,4,0,0,0,0,'[]','2020-11-18','10/30/2020','',0),(68,'Edgar Laing','D',3,2,0,0,0,0,'[]','2020-11-18','10/30/2020','',0),(69,'Nikita Britt','F',6,3,1,0,0,0,'[]','2020-11-18','10/30/2020','',0),(70,'Jonathon Ritter','C',7,3,0,0,0,0,'[]','2020-11-18','10/30/2020','',0),(71,'Mabel Haynes','E',2,2,0,0,0,0,'[]','2020-11-18','10/30/2020','',0),(72,'Charli Hill','E',5,1,1,0,0,1,'[]','2020-11-18','10/30/2020','',0),(73,'Dixie Richards','E',6,1,0,0,0,0,'[]','2020-11-18','10/30/2020','',0),(74,'Trixie Roberson','E',9,1,0,0,0,0,'[]','2020-11-18','10/30/2020','',0),(75,'Joy Baxter','B',10,2,0,0,0,0,'[]','2020-11-18','10/30/2020','',1),(76,'Marianne Bernal','F',11,4,1,0,0,0,'[]','2020-11-18','10/30/2020','',0),(77,'Cecilia Hsieh','C',13,3,0,0,0,0,'[]','2020-11-18','10/30/2020','',0),(78,'Julianna Savage','F',6,2,0,0,0,0,'[]','2020-11-18','10/30/2020','',0),(79,'Ronaldo Saunders','F',4,1,0,1,0,0,'[]','2020-11-18','10/30/2020','',0),(80,'Ethan Brokowski','F',8,2,0,0,0,0,'[]','2020-11-18','10/30/2020','',0),(81,'Sofia Owen','E',2,1,0,0,0,0,'[]','2020-11-18','10/30/2020','',0),(82,'Justin Mcfarlane','C',3,3,0,0,0,0,'[]','2020-11-18','10/30/2020','',0),(83,'Eugene Cooley','B',8,2,0,1,0,0,'[]','2020-11-18','10/30/2020','',0),(84,'Michael Leal','F',4,4,0,0,0,0,'[]','2020-11-18','10/30/2020','',0),(85,'Meagan Odonnell','E',9,2,0,0,0,0,'[]','2020-11-18','10/30/2020','',0),(86,'Kyla Browne','D',10,1,0,0,0,0,'[]','2020-11-18','10/30/2020','',0),(87,'Kaye Nixon','F',14,4,1,1,0,0,'[]','2020-11-18','10/30/2020','',0),(88,'Matthew Douglas','D',2,3,0,0,0,0,'[]','2020-11-18','10/30/2020','',0),(89,'Johnny Chambers','F',6,2,0,0,0,0,'[]','2020-11-18','10/30/2020','',0),(90,'John Worthington','E',8,1,1,0,0,0,'[]','2020-11-18','10/30/2020','',0),(91,'Kevin Wilkins','D',3,3,0,0,0,0,'[]','2020-11-18','10/30/2020','',0),(92,'Daniel Sharma','E',5,5,0,0,0,0,'[]','2020-11-18','10/30/2020','',0),(93,'Keane Mcintosh','C',8,1,0,0,0,0,'[]','2020-11-18','10/30/2020','',0),(94,'Jacob Mohamed','E',2,2,1,0,0,0,'[]','2020-11-18','10/30/2020','',0),(95,'Marc Holmes','E',1,4,0,0,0,0,'[]','2020-11-18','10/30/2020','',0),(96,'Nathan Henderson','D',1,3,0,0,0,0,'[]','2020-11-18','10/30/2020','',0),(97,'Tommy Page','F',4,2,1,0,0,0,'[]','2020-11-18','10/30/2020','',0),(98,'Tyler Barnes','C',10,3,0,0,0,0,'[]','2020-11-18','10/30/2020','',0),(99,'Tyronne Hoover','D',1,2,0,0,0,0,'[]','2020-11-18','10/30/2020','',0),(100,'Bryan Saunders','C',12,1,0,0,0,0,'[]','2020-11-18','10/30/2020','',0),(135,'Benny Lane','A',1,3,1,1,0,1,'[]','2021-02-26','-','',0),(136,'Thomas lee','A',2,3,0,1,0,0,'[]','2021-02-26','-','',0),(137,'Jack Smith','A',14,5,0,0,1,0,'[]','2021-02-26','-','',1),(138,'Tom J','A',13,3,0,0,1,0,'[]','2021-03-02','-','',0),(139,'Jax','A',3,1,0,0,0,0,'[]','2021-04-02','-','',0),(140,'D Trump','A',4,2,0,0,0,0,'[]','2021-04-08','-','',0),(141,'Thomas','A',5,4,0,0,0,0,'[]','2021-04-09','-','',0);
/*!40000 ALTER TABLE `patients` ENABLE KEYS */;
UNLOCK TABLES;

--
-- Table structure for table `reference_page`
--

DROP TABLE IF EXISTS `reference_page`;
/*!40101 SET @saved_cs_client     = @@character_set_client */;
/*!50503 SET character_set_client = utf8mb4 */;
CREATE TABLE `reference_page` (
  `id` int NOT NULL AUTO_INCREMENT,
  `clinical_area` varchar(1500) DEFAULT NULL,
  `rotation` varchar(1500) DEFAULT NULL,
  `group_def` varchar(1000) DEFAULT NULL,
  `fte` varchar(1000) DEFAULT NULL,
  `skill_level` varchar(1500) DEFAULT NULL,
  `a_trained` varchar(1500) DEFAULT NULL,
  `transfer` varchar(1500) DEFAULT NULL,
  `iv_trained` varchar(1500) DEFAULT NULL,
  `advanced_role` varchar(1500) DEFAULT NULL,
  `dta` varchar(1500) DEFAULT NULL,
  `fixed_` varchar(1000) DEFAULT NULL,
  `flexible` varchar(1000) DEFAULT NULL,
  PRIMARY KEY (`id`)
) ENGINE=InnoDB AUTO_INCREMENT=2 DEFAULT CHARSET=utf8mb4 COLLATE=utf8mb4_0900_ai_ci;
/*!40101 SET character_set_client = @saved_cs_client */;

--
-- Dumping data for table `reference_page`
--

LOCK TABLES `reference_page` WRITE;
/*!40000 ALTER TABLE `reference_page` DISABLE KEYS */;
INSERT INTO `reference_page` VALUES (1,'Section which the nurse is assigned to (e.g. A,B,C,D,E, etc.)','Indicates when and which area a nurse rotates to from their usual clinical area (e.g. A01, B04, AB05, etc.)','Group in which the nurse is assigned (1, 2, 3 ,4, etc.)','Full Time Equivalent i.e. can be booked for full time (0 is NOT FTE, 1 is FTE)','A general scale to determine nurse skill level related to being acute trained, CPAP trained, ventilator trained, advanced acute trained (on a scale from 1 to 5)','Whether a nurse has specialty training (yes or no)','Whether a nurse is trained in patient transport (yes or no)','Whether a nurse is trained in administrating IV drips (yes or no)','Indicates the advanced roles a nurse is trained to perform. The L prior to the role name indicates a nurse is currently in training to a particular role (Charge, Support, Code)sd','Duty to Accommodate i.e. restrictions on the types of patient a nurse can be assigned tosd','Group of nurses that should be maintained in their patient assignment','Group of nurses to fill support roles, bumped if conflict with fixed nurse in patient assignment');
/*!40000 ALTER TABLE `reference_page` ENABLE KEYS */;
UNLOCK TABLES;

--
-- Table structure for table `users`
--

DROP TABLE IF EXISTS `users`;
/*!40101 SET @saved_cs_client     = @@character_set_client */;
/*!50503 SET character_set_client = utf8mb4 */;
CREATE TABLE `users` (
  `user_id` int NOT NULL AUTO_INCREMENT,
  `username` varchar(60) COLLATE utf8mb4_general_ci NOT NULL,
  `password` varchar(255) COLLATE utf8mb4_general_ci NOT NULL,
  `first_name` varchar(60) COLLATE utf8mb4_general_ci NOT NULL,
  `last_name` varchar(60) COLLATE utf8mb4_general_ci NOT NULL,
  `profile_img` varchar(255) COLLATE utf8mb4_general_ci DEFAULT NULL,
  PRIMARY KEY (`user_id`)
) ENGINE=InnoDB AUTO_INCREMENT=3 DEFAULT CHARSET=utf8mb4 COLLATE=utf8mb4_general_ci;
/*!40101 SET character_set_client = @saved_cs_client */;

--
-- Dumping data for table `users`
--

LOCK TABLES `users` WRITE;
/*!40000 ALTER TABLE `users` DISABLE KEYS */;
INSERT INTO `users` VALUES (1,'charge_nurse','$2b$12$pMhVUz0M3aQfkWIwf2dnLOztIj0Ls.KQOYrE2CVMYTGmfSm1mlpNW','Charge','Nurse','dog.png'),(2,'tbagshawe','$2b$12$NpqcKrrTFk/et/LurZRhsOZB9RPL39vzlBeAw6dCKcV0EVx.UobQG','Teresa','Bagshawe','dog.png');
/*!40000 ALTER TABLE `users` ENABLE KEYS */;
UNLOCK TABLES;
/*!40103 SET TIME_ZONE=@OLD_TIME_ZONE */;

/*!40101 SET SQL_MODE=@OLD_SQL_MODE */;
/*!40014 SET FOREIGN_KEY_CHECKS=@OLD_FOREIGN_KEY_CHECKS */;
/*!40014 SET UNIQUE_CHECKS=@OLD_UNIQUE_CHECKS */;
/*!40101 SET CHARACTER_SET_CLIENT=@OLD_CHARACTER_SET_CLIENT */;
/*!40101 SET CHARACTER_SET_RESULTS=@OLD_CHARACTER_SET_RESULTS */;
/*!40101 SET COLLATION_CONNECTION=@OLD_COLLATION_CONNECTION */;
/*!40111 SET SQL_NOTES=@OLD_SQL_NOTES */;

-- Dump completed on 2021-04-09 11:17:13
